file_id,tr,T_1d,T_nii,nfft,df,fs,nyq,bins_slow5,bins_slow4,bins_classical,min_valid_vox,max_valid_vox,OLD_max_abs,OLD_mean_abs,OLD_max_rel,OLD_mean_rel,M1_max_abs,M1_mean_abs,M1_max_rel,M1_mean_rel,M2_max_abs,M2_mean_abs,M2_max_rel,M2_mean_rel,bins_excl,excl_vs_incl_max_abs
Pitt_0050058,1.5,196,196,256,0.0026041666666666665,0.6666666666666666,0.3333333333333333,7,18,27,62,1493,1.7763568394002505e-15,2.3561399744822767e-16,5.120433692352582e-16,8.110838298207045e-17,2.6645352591003757e-15,2.639863636330928e-16,4.684602998277603e-16,6.449825028633396e-17,3.552713678800501e-15,6.118562446823085e-16,3.7425454135160685e-16,5.787812187771098e-17,"[7, 18, 27]",0.0
CMU_b_0050652,1.5,316,316,512,0.0013020833333333333,0.6666666666666666,0.3333333333333333,13,36,54,11,1444,1.7763568394002505e-15,2.450714528431827e-16,4.0699130751813423e-16,7.169119345981363e-17,2.6645352591003757e-15,2.7632217501781674e-16,4.2962863185278695e-16,6.845435199043672e-17,5.329070518200751e-15,6.250144434926807e-16,4.0288027936156175e-16,6.25766863650996e-17,"[13, 36, 54]",0.0
Leuven_2_0050722,1.6519099473953247,246,246,256,0.002364687013453271,0.6053598754440374,0.3026799377220187,7,19,29,62,1503,2.6645352591003757e-15,2.800229184332339e-16,4.180738525904445e-16,8.511183464547764e-17,1.7763568394002505e-15,2.9194753610513377e-16,4.1430110580399954e-16,6.84254251553143e-17,5.329070518200751e-15,6.102114698310119e-16,5.609746035737861e-16,6.58932640202542e-17,"[7, 19, 29]",0.0
Leuven_2_0050755,1.6512600183486938,246,246,256,0.002365617744385502,0.6055981425626885,0.30279907128134426,7,19,29,62,1505,1.7763568394002505e-15,2.9729305437184745e-16,5.411905186433266e-16,7.14833358869352e-17,3.552713678800501e-15,3.6349524213653274e-16,3.9196213610675486e-16,7.127963414567536e-17,3.552713678800501e-15,6.579099405186112e-16,4.38762242378049e-16,6.76418894992707e-17,"[7, 19, 29]",0.0
Leuven_1_0050708,1.664520025253296,246,246,256,0.002346772607560292,0.6007737875354348,0.3003868937677174,7,20,30,19,1489,1.7763568394002505e-15,2.1226590444193243e-16,4.672637346776896e-16,7.308321156516723e-17,1.7763568394002505e-15,2.5864084536637905e-16,4.289148256973536e-16,6.687598634251768e-17,3.552713678800501e-15,5.23038402712296e-16,5.07175509507586e-16,6.708589204667071e-17,"[7, 20, 30]",0.0
Leuven_1_0050682,1.6666500568389893,246,246,256,0.002343773357802953,0.600005979597556,0.300002989798778,7,20,30,15,1485,3.552713678800501e-15,3.2371225042079796e-16,3.533073761950449e-16,5.872087311058744e-17,3.552713678800501e-15,4.778070943016415e-16,4.232646447912929e-16,6.556962577599233e-17,5.329070518200751e-15,6.694233644776869e-16,3.6828438833143853e-16,5.5412947531434415e-17,"[7, 20, 30]",0.0
Leuven_2_0050757,1.6664899587631226,246,246,256,0.002343998521838823,0.6000636215907387,0.30003181079536934,7,20,30,42,1502,2.6645352591003757e-15,2.619303950689721e-16,4.652915669097435e-16,7.098702483731297e-17,2.6645352591003757e-15,3.3800123194143653e-16,4.947276405704933e-16,7.464821047177464e-17,3.552713678800501e-15,6.102114698310119e-16,4.618098215105102e-16,7.157967031496023e-17,"[7, 20, 30]",0.0
Caltech_0051473,2.0,146,146,256,0.001953125,0.5,0.25,8,24,35,6,1450,1.7763568394002505e-15,2.38495565888878e-16,4.706053345726896e-16,7.641787937912721e-17,2.6645352591003757e-15,2.9605947323337506e-16,4.445015289142092e-16,6.547711957628195e-17,3.552713678800501e-15,6.167905692361981e-16,4.3398533395667715e-16,5.577443157783182e-17,"[8, 24, 35]",0.0
UM_1_0050297,2.0,296,296,512,0.0009765625,0.5,0.25,17,47,71,62,1495,3.552713678800501e-15,4.704056074708071e-16,4.42291658968366e-16,7.149938092820614e-17,3.552713678800501e-15,3.8323254035209106e-16,3.75715695406244e-16,5.418268993765924e-17,1.0658141036401503e-14,1.0329186066142197e-15,4.356434703980527e-16,5.471542204576759e-17,"[17, 47, 71]",0.0
SBL_0051556,2.200000047683716,196,196,256,0.0017755681433337788,0.4545454446934474,0.2272727223467237,10,26,40,62,1434,3.552713678800501e-15,5.320846643944269e-16,4.2748272110061494e-16,6.705254868475808e-17,7.105427357601002e-15,7.056084112062106e-16,4.77174541214299e-16,6.733350222288975e-17,1.0658141036401503e-14,1.1250259982868252e-15,4.758126683487721e-16,6.15280434752383e-17,"[10, 26, 40]",0.0
SBL_0051585,2.200000047683716,196,196,256,0.0017755681433337788,0.4545454446934474,0.2272727223467237,10,26,40,62,1430,3.552713678800501e-15,3.297773576849539e-16,4.836951342201103e-16,7.871455469325067e-17,3.552713678800501e-15,3.848773152033876e-16,4.3270512983963165e-16,6.688223532417852e-17,1.0658141036401503e-14,8.585724723767877e-16,5.123739233907067e-16,6.590397308511678e-17,"[10, 26, 40]",0.0
KKI_0050792,2.5,124,124,128,0.003125,0.4,0.2,5,15,22,62,1507,5.329070518200751e-15,4.070817756958907e-16,4.697112035220771e-16,7.843687487984843e-17,7.105427357601002e-15,4.786294817272897e-16,4.251779088451759e-16,7.656518715318457e-17,1.4210854715202004e-14,1.0131813083986615e-15,5.808536212493276e-16,5.680770243204821e-17,"[5, 15, 22]",0.0
KKI_0050825,2.5,152,152,256,0.0015625,0.4,0.2,11,29,45,62,1509,5.329070518200751e-15,2.475386151201275e-16,4.649719309023675e-16,6.526183217041172e-17,2.6645352591003757e-15,2.8701321155124416e-16,3.9068501390320365e-16,6.819551593004237e-17,7.105427357601002e-15,7.829128292171475e-16,3.9009126675009986e-16,6.15786701950638e-17,"[11, 29, 45]",0.0
UCLA_1_0051261,3.0,116,116,128,0.0026041666666666665,0.3333333333333333,0.16666666666666666,7,18,27,62,1509,3.552713678800501e-15,3.190863211515265e-16,3.9469139096469544e-16,7.12286596609242e-17,3.552713678800501e-15,3.865220900546841e-16,4.781451123341385e-16,7.107096556406074e-17,5.329070518200751e-15,7.105427357601002e-16,4.2198644292614185e-16,5.783156116986409e-17,"[7, 18, 27]",0.0
MaxMun_d_0051361,3.0,196,196,256,0.0013020833333333333,0.3333333333333333,0.16666666666666666,13,36,54,62,1500,5.329070518200751e-15,5.016563296454411e-16,6.351221008947719e-16,9.588580169331258e-17,3.552713678800501e-15,5.098802039019237e-16,4.57787244640598e-16,7.421901629068139e-17,7.105427357601002e-15,1.2960825828216642e-15,4.337606265679098e-16,7.293314467253164e-17,"[13, 36, 54]",0.0
NYU_0050952,2.0,176,176,256,0.001953125,0.5,0.25,8,24,35,62,1510,3.552713678800501e-15,6.052771452771224e-16,4.2692656752528516e-16,7.569112282693793e-17,3.552713678800501e-15,5.641577739947092e-16,3.4024486328860674e-16,6.02200121243852e-17,1.0658141036401503e-14,1.3487153780631532e-15,5.318343022341754e-16,6.607611747842928e-17,"[8, 24, 35]",0.0
UM_1_0050272,2.0,296,296,512,0.0009765625,0.5,0.25,17,47,71,62,1510,3.552713678800501e-15,4.0296983856764943e-16,4.079163601793837e-16,7.979232602275678e-17,2.6645352591003757e-15,3.20731096002823e-16,3.558118816210829e-16,5.0726253517102065e-17,1.0658141036401503e-14,1.1316050976920115e-15,4.318055791255488e-16,6.682158402454125e-17,"[17, 47, 71]",0.0
USM_0050433,2.0,236,236,256,0.001953125,0.5,0.25,8,24,35,62,1509,1.7763568394002505e-15,2.7632217501781674e-16,4.883566728663584e-16,7.513680870116358e-17,3.552713678800501e-15,3.0428334748985774e-16,4.2255169048509687e-16,6.533681594725382e-17,7.105427357601002e-15,9.144948173208697e-16,4.639382684827565e-16,6.795420266664886e-17,"[8, 24, 35]",0.0
KKI_0050772,2.5,152,152,256,0.0015625,0.4,0.2,11,29,45,62,1509,3.552713678800501e-15,3.9310118945987024e-16,7.387591983966818e-16,8.673306678985418e-17,3.552713678800501e-15,3.8158776550079455e-16,5.921546929156226e-16,6.910440565871779e-17,7.105427357601002e-15,8.289665250534502e-16,4.578451050243382e-16,6.025177937185143e-17,"[11, 29, 45]",0.0
