id,site,r_m1_old,r_m2_old,r_m1_m2
CMU_a_0050642,CMU,0.6954572463003874,0.5268631648891644,0.8462851305425342
CMU_a_0050646,CMU,0.671123910224617,0.5761217431174285,0.7748261366959512
CMU_a_0050647,CMU,0.7942312223101702,0.5049548023873458,0.622503682607223
CMU_a_0050649,CMU,0.801071367566677,0.6534524050539552,0.8011927462230867
CMU_a_0050654,CMU,0.7726953096358233,0.6709564052694338,0.8770521795233341
CMU_a_0050656,CMU,0.8368697023338989,0.7371874534678184,0.9105284410141147
CMU_a_0050659,CMU,0.6703278056023322,0.43709887002367936,0.7670833056000219
CMU_a_0050660,CMU,0.7856411192545426,0.7288024009366405,0.9186816528591122
CMU_a_0050663,CMU,0.6649514324944564,0.5099811809348321,0.7853447189503988
CMU_a_0050664,CMU,0.6387162504968643,0.5197863205767487,0.7988305891532475
CMU_a_0050665,CMU,0.7000048022124657,0.6262972360257084,0.8779280931131838
CMU_a_0050666,CMU,0.63071064885912,0.4870446455912,0.7499398709265841
CMU_a_0050668,CMU,0.7197342953103267,0.629242317377836,0.8814783245760979
CMU_b_0050644,CMU,0.5195531540320858,0.38284213549734397,0.68897416267216
CMU_b_0050645,CMU,0.8692853902994708,0.7812662293748824,0.9240365054363399
CMU_b_0050652,CMU,0.6789356462528042,0.3891432502481461,0.6439717424834388
CMU_b_0050655,CMU,0.7121340040433093,0.5239496183795816,0.7823707467709636
CMU_b_0050658,CMU,0.6033491617853124,0.4757258792543329,0.7377953337782779
CMU_b_0050661,CMU,0.8014239478187178,0.6837393062132741,0.8749084858405664
CMU_b_0050667,CMU,0.6863495404997672,0.5285936382421226,0.8227260735761612
Caltech_0051456,CALTECH,0.783525408361614,0.7124606530355378,0.7903568436877759
Caltech_0051458,CALTECH,0.6541727830228109,0.5414005233385951,0.7627221182646583
Caltech_0051459,CALTECH,0.7490478559576204,0.7035505640523054,0.8708155393553949
Caltech_0051461,CALTECH,0.8712134600745315,0.815937248378012,0.9357333253797949
Caltech_0051462,CALTECH,0.4157488022620053,0.2871524858009335,0.8600870466901225
Caltech_0051463,CALTECH,0.6619016396752823,0.6002874356366332,0.7981906164842396
Caltech_0051465,CALTECH,0.7684952566087758,0.734591785215822,0.8840716707298023
Caltech_0051468,CALTECH,0.724608553619491,0.6433460046101624,0.8585273407502441
Caltech_0051470,CALTECH,0.5617828957416535,0.5252827549445986,0.9123832952072612
Caltech_0051472,CALTECH,0.6914073305347238,0.6466447314180213,0.8935097222379534
Caltech_0051473,CALTECH,0.60555711148187,0.5573736354777673,0.7292982381357536
Caltech_0051474,CALTECH,0.7618622436335286,0.6616651038810369,0.8027765417047514
Caltech_0051476,CALTECH,0.7226036861284355,0.7159470798811048,0.9068355556620413
Caltech_0051477,CALTECH,0.8769853377768124,0.8527892279177783,0.9544488838176755
Caltech_0051479,CALTECH,0.7719450183235028,0.7192162846968672,0.8758911676132938
Caltech_0051480,CALTECH,0.6828178294547381,0.6165716262745643,0.7292422126869409
Caltech_0051481,CALTECH,0.7715049564876042,0.7073015155405966,0.8343489374431576
Caltech_0051482,CALTECH,0.5868572814449957,0.6173012558555759,0.766851675484124
Caltech_0051484,CALTECH,0.7444869694717944,0.6846646383224401,0.9214078205004248
Caltech_0051485,CALTECH,0.6442871905474791,0.6054484222622034,0.8416589884059456
Caltech_0051486,CALTECH,0.7413116074963897,0.6984179024188767,0.8324785362742186
Caltech_0051487,CALTECH,0.7746360677835572,0.679072226632688,0.8568433917751123
Caltech_0051488,CALTECH,0.7778926206096275,0.6903990047028038,0.8822767098533773
Caltech_0051489,CALTECH,0.9143128251673023,0.8357650758802712,0.9482007521573023
Caltech_0051490,CALTECH,0.785977073219081,0.7048868272064995,0.7827736115466905
Caltech_0051491,CALTECH,0.6573189812113469,0.5646109978620502,0.7004575538418832
Caltech_0051492,CALTECH,0.5832156488332495,0.5128423779303874,0.813476162552831
Caltech_0051493,CALTECH,0.652456397272533,0.6127473540315137,0.7789895901713405
KKI_0050772,KKI,0.7610200401524371,0.6251009821702909,0.8207380837295963
KKI_0050773,KKI,0.8392569576566021,0.7365646612766817,0.8726266732405655
KKI_0050774,KKI,0.8249066884519304,0.679119094809761,0.7826442881167616
KKI_0050775,KKI,0.7918739271490249,0.5877256241795147,0.763238437027276
KKI_0050776,KKI,0.8762351104869381,0.5982257622640087,0.7090647597844806
KKI_0050777,KKI,0.6477332878839182,0.563332214394874,0.8426271666434134
KKI_0050778,KKI,0.8672719729951461,0.7556458019694584,0.8866965050802451
KKI_0050779,KKI,0.8535648744600781,0.6660528850256667,0.7636286527545406
KKI_0050780,KKI,0.7092243617503401,0.5955308990179029,0.8042094754801211
KKI_0050781,KKI,0.725943332409113,0.6387914003852673,0.8124534036914521
KKI_0050782,KKI,0.7424460780304448,0.528446538523416,0.7360691563551836
KKI_0050783,KKI,0.6749188208936987,0.582120346798253,0.7856676195355616
KKI_0050784,KKI,0.7372945252902052,0.6566423636789069,0.8191422278026074
KKI_0050785,KKI,0.8054191539185355,0.6645589469162442,0.8010144045090526
KKI_0050786,KKI,0.7441684803126072,0.555162553870516,0.723751886333702
KKI_0050787,KKI,0.730733373108075,0.6246748287638406,0.8508035802200791
KKI_0050788,KKI,0.8270995494335452,0.6737488546962701,0.7795608949096682
KKI_0050789,KKI,0.8883073088054305,0.6492149852517693,0.7425000341334236
KKI_0050790,KKI,0.816844231622004,0.6300895329142425,0.775025698554061
KKI_0050791,KKI,0.6965077189862434,0.40734542148377384,0.7009517845624099
KKI_0050792,KKI,0.82008623455047,0.6064978371924219,0.7550407099100203
KKI_0050793,KKI,0.7141995434984637,0.6348213034731781,0.7269119146839935
KKI_0050794,KKI,0.6517655543885793,0.43853741775015515,0.7249601367736168
KKI_0050795,KKI,0.8640055654014647,0.72966705546827,0.8412281010651113
KKI_0050796,KKI,0.6881651985522254,0.5684175477419069,0.7537011363756281
KKI_0050797,KKI,0.7655602966807282,0.5724737245327876,0.7833518265753788
KKI_0050798,KKI,0.7635611730520222,0.5487322313890745,0.7590181316712442
KKI_0050799,KKI,0.8117868965289283,0.6109792537215375,0.739143371345382
KKI_0050800,KKI,0.7990283806955502,0.6661475889774339,0.8455097481443417
KKI_0050801,KKI,0.8131553608762997,0.6991237419002695,0.7546321267796067
KKI_0050802,KKI,0.6291572017899956,0.5490241030798189,0.7362148946911045
KKI_0050803,KKI,0.7645111187149997,0.7008699746730341,0.8558047423599547
KKI_0050804,KKI,0.7186477883079324,0.6658482549078394,0.6508769207239428
KKI_0050807,KKI,0.8199446970347596,0.6485667379037224,0.8586147496455965
KKI_0050812,KKI,0.7678664562988796,0.6632003557361533,0.8603067483618303
KKI_0050814,KKI,0.6775436654110542,0.5724208701077148,0.8287414879527386
KKI_0050815,KKI,0.790429238229816,0.6403725427104097,0.7112765816679011
KKI_0050816,KKI,0.7648503387547847,0.201433395808001,0.4289794906345054
KKI_0050817,KKI,0.80480359757459,0.6759954250930015,0.8120960849935076
KKI_0050818,KKI,0.8013647712714751,0.7483974109823978,0.8294946020284717
KKI_0050819,KKI,0.714939482111852,0.5543879492351879,0.7972947375025243
KKI_0050820,KKI,0.7293364342641547,0.5068588546235913,0.7665395940759007
KKI_0050821,KKI,0.8060402007798902,0.5303547847842589,0.6101937467222016
KKI_0050822,KKI,0.8654079537876904,0.7266557885775827,0.8169333807988653
KKI_0050823,KKI,0.7847569216692685,0.5041150958903423,0.6801417840354694
KKI_0050824,KKI,0.8029790711141521,0.6335347385853953,0.8062241108813782
KKI_0050825,KKI,0.8311845885204415,0.7191375925087696,0.7549889347563596
Leuven_1_0050682,LEUVEN_1,0.8467625276213993,0.7533038692140358,0.8547106643816784
Leuven_1_0050683,LEUVEN_1,0.7785252589568403,0.7154437697345081,0.8512751949300819
Leuven_1_0050685,LEUVEN_1,0.4665633087573538,0.5257835391781668,0.8311024520927853
Leuven_1_0050686,LEUVEN_1,0.7891579042821321,0.7024007208978855,0.8735507567601372
Leuven_1_0050687,LEUVEN_1,0.6389837853013365,0.65736819669401,0.8586290888510146
Leuven_1_0050688,LEUVEN_1,0.7448690516282024,0.7031006281201964,0.8208547350562836
Leuven_1_0050689,LEUVEN_1,0.7928415997627073,0.7559290240727029,0.8936337444549942
Leuven_1_0050690,LEUVEN_1,0.785308490124911,0.711411750757654,0.8964093192921712
Leuven_1_0050691,LEUVEN_1,0.7028031887433593,0.6745846107915455,0.8561339032673362
Leuven_1_0050692,LEUVEN_1,0.7512777362327477,0.6936142168740961,0.8244327211929596
Leuven_1_0050693,LEUVEN_1,0.7899026085525243,0.7612019143372452,0.8996438156753856
Leuven_1_0050694,LEUVEN_1,0.7503064251276995,0.6481399218914139,0.7361389858972857
Leuven_1_0050695,LEUVEN_1,0.6923313946552347,0.6127107003034076,0.8336732671892052
Leuven_1_0050696,LEUVEN_1,0.7214117364511967,0.767623031554715,0.8639663842732623
Leuven_1_0050697,LEUVEN_1,0.8211441126957688,0.7391272659719383,0.8607399346288284
Leuven_1_0050698,LEUVEN_1,0.717970128704191,0.6216301771751555,0.7537981152380371
Leuven_1_0050699,LEUVEN_1,0.8627806069620174,0.8373498919858369,0.8982068303151313
Leuven_1_0050700,LEUVEN_1,0.9120036252833474,0.8149972915110832,0.8640482815025833
Leuven_1_0050701,LEUVEN_1,0.8395885501032458,0.7548954564597217,0.8523918537366327
Leuven_1_0050702,LEUVEN_1,0.7491279881420353,0.7130813705843942,0.8914522212804107
Leuven_1_0050703,LEUVEN_1,0.8081804576880156,0.7486912001667292,0.8665853414002859
Leuven_1_0050704,LEUVEN_1,0.7360937609456848,0.6139391421591,0.7611000549593775
Leuven_1_0050705,LEUVEN_1,0.787704462495008,0.7459747420095342,0.9060179618009432
Leuven_1_0050707,LEUVEN_1,0.7111293540735139,0.6806665480983632,0.8188639121497113
Leuven_1_0050708,LEUVEN_1,0.7817763537735276,0.7674533314174031,0.867667450983964
Leuven_1_0050709,LEUVEN_1,0.7369773491026205,0.6795406498037235,0.8761806326905459
Leuven_1_0050710,LEUVEN_1,0.7446977682695588,0.6394263706585548,0.8289128951906293
Leuven_1_0050711,LEUVEN_1,0.7607626248834756,0.7337456329540806,0.884021157738844
Leuven_2_0050722,LEUVEN_2,0.5705919472473412,0.5628690268181981,0.7724101266430236
Leuven_2_0050723,LEUVEN_2,0.6996124157041143,0.4298286426124335,0.7070110235497895
Leuven_2_0050724,LEUVEN_2,0.7126331946166484,0.6674484154337753,0.8806891513655501
Leuven_2_0050725,LEUVEN_2,0.8073380115667648,0.7464857654786253,0.8781488012893417
Leuven_2_0050726,LEUVEN_2,0.7327240799486818,0.6834663138954422,0.8258352297998905
Leuven_2_0050728,LEUVEN_2,0.7323150197143362,0.7026076274898789,0.8793887590815106
Leuven_2_0050730,LEUVEN_2,0.7274158428609774,0.6421687165349629,0.7833891468741665
Leuven_2_0050731,LEUVEN_2,0.6430958759958612,0.5005948016753917,0.7492675124646305
Leuven_2_0050732,LEUVEN_2,0.6771165496353385,0.5675832621334423,0.8276909122387454
Leuven_2_0050733,LEUVEN_2,0.6942077357176594,0.6606099779312162,0.9004463319861775
Leuven_2_0050735,LEUVEN_2,0.7328494236332369,0.6557802024487801,0.9025413232986284
Leuven_2_0050736,LEUVEN_2,0.6300455024840331,0.4248546315376814,0.6552570955448942
Leuven_2_0050737,LEUVEN_2,0.8217346077275682,0.7799816823970313,0.8911969766029458
Leuven_2_0050738,LEUVEN_2,0.6867612056276089,0.6127456034566404,0.851868235182172
Leuven_2_0050739,LEUVEN_2,0.7011505342960698,0.6102602011404874,0.8955654334352035
Leuven_2_0050740,LEUVEN_2,0.6839209256640039,0.5443871548846149,0.7508370367467331
Leuven_2_0050741,LEUVEN_2,0.6784252581933562,0.5229833966412992,0.7317166465058189
Leuven_2_0050742,LEUVEN_2,0.8006258989377378,0.7259584281080553,0.8746087001129577
Leuven_2_0050743,LEUVEN_2,0.6298591159815974,0.49797817363841695,0.8285848830114074
Leuven_2_0050744,LEUVEN_2,0.7947839321433652,0.6252960123757354,0.8236788445498175
Leuven_2_0050745,LEUVEN_2,0.7505138756728562,0.6811968818050027,0.8283276968263941
Leuven_2_0050746,LEUVEN_2,0.7951578050904863,0.6317084741819053,0.8404995155343251
Leuven_2_0050747,LEUVEN_2,0.7085774331848451,0.5599774608086137,0.7338492665449792
Leuven_2_0050748,LEUVEN_2,0.6845242330688025,0.593219791091662,0.8308989698469467
Leuven_2_0050749,LEUVEN_2,0.6426951192504732,0.5348327936232442,0.6097175439175734
Leuven_2_0050750,LEUVEN_2,0.8122046149580274,0.4647173735731299,0.6971556195392024
Leuven_2_0050751,LEUVEN_2,0.7101227754915712,0.5607582805167172,0.7959906104061656
Leuven_2_0050752,LEUVEN_2,0.7122036168523235,0.6686350164016064,0.846307874656909
Leuven_2_0050753,LEUVEN_2,0.7397346925552616,0.6005519477663619,0.7866951470634285
Leuven_2_0050754,LEUVEN_2,0.700749931186673,0.688876564927765,0.8334320990402576
Leuven_2_0050755,LEUVEN_2,0.6534294319357523,0.569221741744575,0.8395136634552661
Leuven_2_0050756,LEUVEN_2,0.7243949567190417,0.6172355035951939,0.8325962464358838
Leuven_2_0050757,LEUVEN_2,0.668474711063548,0.5986550340324073,0.8137362762683591
MaxMun_a_0051318,MAX_MUN,0.647230143604396,0.4868654252480823,0.6790929942286228
MaxMun_a_0051319,MAX_MUN,0.7603452355896411,0.5552569205946644,0.672263999161921
MaxMun_a_0051320,MAX_MUN,0.7133873612185057,0.5039717491300997,0.5539202238687901
MaxMun_a_0051321,MAX_MUN,0.7581665617180509,0.4580127655287395,0.5127029901909266
MaxMun_a_0051362,MAX_MUN,0.6723518918773458,0.49499671760196096,0.4778695452938795
MaxMun_a_0051363,MAX_MUN,0.7918636108544479,0.6040715853924046,0.7105167316814236
MaxMun_a_0051364,MAX_MUN,0.6952106770693015,0.5025174093177378,0.7012353050278005
MaxMun_a_0051365,MAX_MUN,0.7209829841734089,0.6922636718469278,0.8752579213531669
MaxMun_a_0051369,MAX_MUN,0.6378787259279437,0.4775092920387162,0.48835528109790305
MaxMun_a_0051370,MAX_MUN,0.6045271472892136,0.5102641096109014,0.6354992023883619
MaxMun_a_0051373,MAX_MUN,0.6109027387828933,0.156539724346323,0.3165084308595667
MaxMun_a_0051606,MAX_MUN,0.7333138006085367,0.5875698956335011,0.6663423851581987
MaxMun_a_0051607,MAX_MUN,0.5707608638583705,0.5395009047420485,0.7855875520715258
MaxMun_b_0051322,MAX_MUN,0.6392701230238739,0.5364918888659554,0.7895279709459359
MaxMun_b_0051323,MAX_MUN,0.6721141829443716,0.449911897325959,0.4954729881528495
MaxMun_b_0051324,MAX_MUN,0.8834073916160042,0.4958271716270419,0.5076974312676047
MaxMun_b_0051325,MAX_MUN,0.6797993166147993,0.4549129992442101,0.5673869193994433
MaxMun_b_0051326,MAX_MUN,0.8831323486728181,0.6448881466577855,0.7210564935378022
MaxMun_b_0051327,MAX_MUN,0.8214916455564246,0.47563387755620057,0.5869699605667141
MaxMun_c_0051328,MAX_MUN,0.7032113032501223,0.4336222276582203,0.6099690560787054
MaxMun_c_0051332,MAX_MUN,0.7840376334023356,0.5413147949996633,0.6181396573694787
MaxMun_c_0051333,MAX_MUN,0.7450002687994844,0.35228300636492227,0.4909519508856451
MaxMun_c_0051334,MAX_MUN,0.6767815734438194,0.42485422866559985,0.6539501331127497
MaxMun_c_0051335,MAX_MUN,0.7131175542829752,0.45031150765947614,0.3856053023164394
MaxMun_c_0051336,MAX_MUN,0.8841551763529739,0.690610320506188,0.798754297738049
MaxMun_c_0051338,MAX_MUN,0.7508875507122027,0.4905508543331456,0.6728508194938218
MaxMun_c_0051339,MAX_MUN,0.6623386279450022,0.35542379883508474,0.4790350344411557
MaxMun_c_0051340,MAX_MUN,0.7563422976022359,0.44440700832298996,0.5255300072194335
MaxMun_c_0051341,MAX_MUN,0.7323200306496543,0.3153477529938687,0.6176118436092719
MaxMun_c_0051342,MAX_MUN,0.7047054655367144,0.39339196488918116,0.5090303963290983
MaxMun_c_0051343,MAX_MUN,0.780260965719875,0.5559511762936353,0.7238266036975707
MaxMun_c_0051344,MAX_MUN,0.8600934731234925,0.7753187685267879,0.8650582701851467
MaxMun_c_0051345,MAX_MUN,0.6930397676944223,0.4482517857536784,0.6298324449099149
MaxMun_c_0051346,MAX_MUN,0.684417287134338,0.36594570041150815,0.5547067490455785
MaxMun_c_0051347,MAX_MUN,0.9117090368533358,0.7707188294168043,0.828825134333002
MaxMun_c_0051348,MAX_MUN,0.8064965661473401,0.6105866869211151,0.7334344677423621
MaxMun_d_0051329,MAX_MUN,0.6811837313087141,0.4615657092714937,0.7204732794562584
MaxMun_d_0051330,MAX_MUN,0.7003594637937847,0.4960170329287616,0.6658055354398943
MaxMun_d_0051331,MAX_MUN,0.6932519097205367,0.5401604960889015,0.827600098853992
MaxMun_d_0051349,MAX_MUN,0.7067762068767603,0.6243230479118004,0.8235608308468426
MaxMun_d_0051350,MAX_MUN,0.6709578969915634,0.49127517844949214,0.7445136186582265
MaxMun_d_0051351,MAX_MUN,0.7636392382244619,0.6520591734517581,0.8528203737874278
MaxMun_d_0051352,MAX_MUN,0.722348432646505,0.45582240657562245,0.751106974477869
MaxMun_d_0051354,MAX_MUN,0.7025154032030972,0.5287862517161864,0.8421919209096215
MaxMun_d_0051355,MAX_MUN,0.8303522474393004,0.7645889135600444,0.8906583872196913
MaxMun_d_0051356,MAX_MUN,0.8413653554998995,0.6545257731786068,0.8027714633529124
MaxMun_d_0051357,MAX_MUN,0.8739891598278049,0.7539948995404355,0.8769379581986492
MaxMun_d_0051360,MAX_MUN,0.71958458119179,0.4442507253702718,0.659866016852889
MaxMun_d_0051361,MAX_MUN,0.777107925791368,0.5253822807049944,0.703893183877866
NYU_0050952,NYU,0.7429242797418727,0.631438112698575,0.8963704658463605
NYU_0050954,NYU,0.7597181373546465,0.7108862131434395,0.7654729295472572
NYU_0050955,NYU,0.6847803925185959,0.689673400190356,0.7971808986024702
NYU_0050956,NYU,0.6523192731432301,0.5889498498204527,0.7612888927237396
NYU_0050957,NYU,0.7822416065920571,0.623759812418663,0.732115929970261
NYU_0050958,NYU,0.621908224828079,0.5744128605526289,0.7830277714526038
NYU_0050959,NYU,0.8674815338698529,0.810932563436485,0.8863767664807788
NYU_0050960,NYU,0.7061264918325904,0.5311992609500221,0.7225180536483984
NYU_0050961,NYU,0.7416341046195223,0.6503378894920404,0.7300114429912765
NYU_0050962,NYU,0.6887384022729238,0.6267093231546165,0.8666475555687561
NYU_0050964,NYU,0.5944223421348398,0.394296098778886,0.7339226746492066
NYU_0050965,NYU,0.7436296048387194,0.6277808027412192,0.8297032305668189
NYU_0050966,NYU,0.6737427276648952,0.5569011104979995,0.764188137648013
NYU_0050967,NYU,0.6864885064324707,0.5678835143383816,0.7777025132127472
NYU_0050968,NYU,0.7659808278722869,0.6264233427043759,0.6880081225824591
NYU_0050969,NYU,0.6211298478376426,0.42091941977359576,0.7637300152466796
NYU_0050970,NYU,0.7137384236475636,0.6276662124847942,0.739003394868999
NYU_0050972,NYU,0.566902392247693,0.4372430585212936,0.6625337104243422
NYU_0050973,NYU,0.7911502437645155,0.6529508964505509,0.7042886083632405
NYU_0050974,NYU,0.520252674972734,0.48943056398681256,0.719122100878399
NYU_0050976,NYU,0.8051113394176094,0.6390499767112708,0.8130916413368794
NYU_0050977,NYU,0.5527039956766996,0.4414741630362561,0.7837590841963171
NYU_0050978,NYU,0.5897302021806153,0.4723945271642932,0.6906423562177392
NYU_0050979,NYU,0.71782617781137,0.6393536774863651,0.8157277507638883
NYU_0050981,NYU,0.7058348802831625,0.5383887310967147,0.7941685943957087
NYU_0050982,NYU,0.8352123228224482,0.6484488041906334,0.8285700105946031
NYU_0050983,NYU,0.7305788125282657,0.5913224848406715,0.7874832697960952
NYU_0050984,NYU,0.7008129227101632,0.6348169730643519,0.8316346151422881
NYU_0050985,NYU,0.663004300061599,0.5309732066428786,0.7674290299542329
NYU_0050986,NYU,0.7958659823962553,0.5655021512709602,0.7356673965259536
NYU_0050987,NYU,0.5254999161650036,0.26231403866729053,0.5656956530385236
NYU_0050988,NYU,0.7197228058801542,0.6471303906433681,0.756805911333923
NYU_0050989,NYU,0.6260502725223124,0.4410818160828741,0.6280466516702036
NYU_0050990,NYU,0.7473964265581801,0.6180244544893732,0.67090152269364
NYU_0050991,NYU,0.634045926873925,0.5480494203554251,0.7021507393103003
NYU_0050992,NYU,0.7161366238274577,0.5938365690167814,0.7957848219265946
NYU_0050993,NYU,0.6827194616079691,0.5266039449800844,0.7112750144510439
NYU_0050994,NYU,0.7452763263164812,0.6963874197720891,0.780193746722938
NYU_0050995,NYU,0.7987586283496868,0.5861229538888522,0.7916147457289162
NYU_0050996,NYU,0.7247913535852749,0.6520269089884438,0.7888330897954668
NYU_0050997,NYU,0.6493760397476035,0.5677998943856729,0.8078323785686893
NYU_0050998,NYU,0.6730683972169231,0.5217341497339976,0.7726418577974333
NYU_0050999,NYU,0.6579122674437833,0.47919966912847933,0.7705597626379491
NYU_0051000,NYU,0.7351088599017407,0.58365322960017,0.8040416087874521
NYU_0051001,NYU,0.6526059420817206,0.3855067613497697,0.5465082294024097
NYU_0051002,NYU,0.5005493003442295,0.3798505103363066,0.6883471251696871
NYU_0051003,NYU,0.6596518784744007,0.5305968407737709,0.7692573322763572
NYU_0051006,NYU,0.740856093758886,0.5474905807802105,0.6976331184906078
NYU_0051007,NYU,0.7277496445859443,0.6244188510154656,0.8532157943688402
NYU_0051008,NYU,0.7606325882875218,0.688711325621758,0.8824621937503453
NYU_0051009,NYU,0.662432654829534,0.5212235614943181,0.6943195085469827
NYU_0051010,NYU,0.6626515512903329,0.5659075675421444,0.7851293977796024
NYU_0051011,NYU,0.7208461038417296,0.49043202177225054,0.7929735392171313
NYU_0051012,NYU,0.8053397876368988,0.6006204627833656,0.8461638561678811
NYU_0051013,NYU,0.8299164380989066,0.5384995667076566,0.7386104568567899
NYU_0051014,NYU,0.8313532264429259,0.6717891904092528,0.803458878006286
NYU_0051015,NYU,0.7370557513083732,0.5976064593542689,0.7293589872436019
NYU_0051016,NYU,0.6802552106241,0.5552399348673444,0.6757346274696008
NYU_0051017,NYU,0.5817918885635782,0.5219015971282203,0.5757293675124734
NYU_0051018,NYU,0.6792183557123497,0.5734630149881759,0.6414187645711218
NYU_0051019,NYU,0.7491077802903587,0.6433099113468541,0.7751598728751078
NYU_0051021,NYU,0.8309865721926496,0.7264779729998855,0.8289169722293847
NYU_0051023,NYU,0.7431896377964734,0.7031057327575397,0.686744826213974
NYU_0051024,NYU,0.5861699666557034,0.6631287541415366,0.6625240965824102
NYU_0051025,NYU,0.723519236719185,0.632675063742436,0.7500423882895932
NYU_0051026,NYU,0.8076678642043119,0.6640539598311185,0.730829302879534
NYU_0051027,NYU,0.7026923107709959,0.6097228085035414,0.7319832048092785
NYU_0051028,NYU,0.6546444236295706,0.5419598101706896,0.6918701666877426
NYU_0051029,NYU,0.7435480255528576,0.6427424689617278,0.780388953487076
NYU_0051030,NYU,0.7087866479118725,0.5754599116860449,0.8538048880459226
NYU_0051032,NYU,0.6539569412372531,0.445756225087382,0.6598186948209864
NYU_0051033,NYU,0.6548305160220967,0.4428568141729044,0.7483900361350644
NYU_0051034,NYU,0.7595648163322681,0.4579614199090523,0.6453202354869635
NYU_0051035,NYU,0.6662508667039921,0.44356703003550985,0.7158674071422579
NYU_0051036,NYU,0.6978844906118538,0.6030342730233541,0.7839248650407389
NYU_0051038,NYU,0.6312475152977057,0.39597532863254753,0.6573242787180117
NYU_0051039,NYU,0.7559800183218389,0.5763550819021416,0.845843380626403
NYU_0051040,NYU,0.7036900078426643,0.5516782122546654,0.7277478149213623
NYU_0051041,NYU,0.6412644536817368,0.5525343879601877,0.7380081774927283
NYU_0051042,NYU,0.7181990094424963,0.6309128653209254,0.7724259101987833
NYU_0051044,NYU,0.7695058314366847,0.7342850947773499,0.8634016249818575
NYU_0051045,NYU,0.7150379120284752,0.5839369844836407,0.8085694336859461
NYU_0051046,NYU,0.6509959969718423,0.5267507414539178,0.61029571397373
NYU_0051047,NYU,0.7859135203178802,0.6681470637127159,0.8023550316682393
NYU_0051048,NYU,0.6763083386211141,0.5535958777263038,0.6514470886355621
NYU_0051049,NYU,0.7555003888957356,0.6095650072655221,0.7396169843385738
NYU_0051050,NYU,0.6029196269628265,0.6034538342436404,0.6290238618339946
NYU_0051051,NYU,0.6952508776945413,0.5103484203350688,0.7525666600426074
NYU_0051052,NYU,0.6649147290501289,0.5350477064041038,0.700944568848991
NYU_0051053,NYU,0.6224910245759727,0.5446533397779243,0.6713307451705796
NYU_0051054,NYU,0.6175372384448006,0.4626302040554095,0.8198220748042182
NYU_0051055,NYU,0.7740903906802606,0.6531575561621363,0.8116819591156648
NYU_0051056,NYU,0.6903769875163698,0.6456801490315653,0.8274508115009922
NYU_0051057,NYU,0.5953909251997557,0.6261556633824163,0.7474593091607015
NYU_0051058,NYU,0.6628240292542897,0.6080547837018306,0.6049819356162761
NYU_0051059,NYU,0.7219244210468054,0.5909790482137184,0.6936911830512021
NYU_0051060,NYU,0.587116002528466,0.5341527277211499,0.7762705578164156
NYU_0051061,NYU,0.6258175912234278,0.5234398206432999,0.6866357468987325
NYU_0051062,NYU,0.6446562926356099,0.5897663577873374,0.6451472174550719
NYU_0051063,NYU,0.6721088573018997,0.6478550985745346,0.7009879184862049
NYU_0051064,NYU,0.7701449402058167,0.7361428665637089,0.8923245404494207
NYU_0051065,NYU,0.6030851043436746,0.5242651879776402,0.800356203375109
NYU_0051066,NYU,0.6571449664524229,0.6051697622926889,0.5827072033047969
NYU_0051067,NYU,0.674577414561619,0.6232256195471251,0.6813121858356765
NYU_0051068,NYU,0.6952968611677024,0.5936699307540225,0.6777328287643681
NYU_0051069,NYU,0.6100993159615922,0.423584683509836,0.6553373258132903
NYU_0051070,NYU,0.6269661343481354,0.4385906703888706,0.7539076393436135
NYU_0051071,NYU,0.7174113755854181,0.5828086272142468,0.7326211679866871
NYU_0051072,NYU,0.6364939231367118,0.4802911366762517,0.6180387204635612
NYU_0051073,NYU,0.7067041992040608,0.604758357086695,0.7060366270232579
NYU_0051074,NYU,0.6586177701250242,0.5245768313173846,0.7291988594857935
NYU_0051075,NYU,0.7437178492092931,0.640838052052548,0.8023336506371214
NYU_0051076,NYU,0.7115622396076994,0.6249136675358262,0.7473176563577039
NYU_0051077,NYU,0.6919395881451823,0.5458713033552197,0.7902297068986879
NYU_0051078,NYU,0.5656221331515241,0.44028715806219887,0.6559170011036191
NYU_0051079,NYU,0.7027064547271145,0.6035179219421389,0.6991802847432811
NYU_0051080,NYU,0.7632633768188525,0.5742748275544509,0.7048627213863704
NYU_0051081,NYU,0.7601605097267808,0.654486484625833,0.7298158038783439
NYU_0051082,NYU,0.727053468777738,0.6075455246436953,0.799921757185065
NYU_0051083,NYU,0.698062528839236,0.49381937299056766,0.7182748875062228
NYU_0051084,NYU,0.5642414264260361,0.5067966057476033,0.8669392872768333
NYU_0051085,NYU,0.8070689758482168,0.6759176558359262,0.8540244542289225
NYU_0051086,NYU,0.7345377526475735,0.521520643594077,0.7437258472341772
NYU_0051087,NYU,0.7144445933086444,0.5449663892972687,0.7597730693612557
NYU_0051088,NYU,0.6053227590410977,0.49809573415105024,0.7247863870700421
NYU_0051089,NYU,0.6617980034229758,0.5195806039005287,0.6833199910679707
NYU_0051090,NYU,0.6712756860539413,0.5689921385986284,0.742380447588705
NYU_0051091,NYU,0.6357432876835095,0.4876419379743116,0.763119273230995
NYU_0051093,NYU,0.6892689832257269,0.6332352245413632,0.8482957331075074
NYU_0051094,NYU,0.6564666216300806,0.5136125834372458,0.7742358732299556
NYU_0051095,NYU,0.702580764411029,0.6019904577956582,0.7626908034341754
NYU_0051096,NYU,0.6963691631955136,0.5464908508358429,0.706106097306334
NYU_0051097,NYU,0.6756024230465764,0.5834506002612607,0.8443683491334298
NYU_0051098,NYU,0.7737938088155117,0.676663222444783,0.789957457402054
NYU_0051099,NYU,0.7552410578974192,0.6799725125920307,0.7050487850913276
NYU_0051100,NYU,0.7340054954924963,0.6556545202720022,0.7346109907057263
NYU_0051101,NYU,0.7724302772731391,0.6121120227472675,0.7177295101862416
NYU_0051102,NYU,0.7247895559255716,0.6214655285174934,0.8444766557018865
NYU_0051103,NYU,0.5964617004882754,0.5267101564424207,0.7817393084626988
NYU_0051104,NYU,0.6851749452702572,0.6787937473023463,0.7421020554029452
NYU_0051105,NYU,0.809703942499959,0.6471083614456172,0.7327606096537597
NYU_0051106,NYU,0.7596968496704385,0.6343806828198827,0.6786882927719399
NYU_0051107,NYU,0.5453209430820755,0.43112838158593175,0.6568265732655697
NYU_0051109,NYU,0.7326369699342142,0.7004434932817231,0.7527834594462625
NYU_0051110,NYU,0.6684233058233165,0.599920360147806,0.757958623327111
NYU_0051111,NYU,0.7234902110716874,0.5736199649667972,0.795368031605834
NYU_0051112,NYU,0.6445556950608985,0.4781217237114351,0.6690960164122731
NYU_0051113,NYU,0.6787204478856246,0.5101804880120113,0.5737524780360838
NYU_0051114,NYU,0.8444865564401698,0.7155609773863051,0.7382066737763382
NYU_0051116,NYU,0.6757272777759247,0.4946580027331656,0.6773123375536138
NYU_0051117,NYU,0.7935063627140839,0.6690814241468146,0.7449708647700785
NYU_0051121,NYU,0.7344502000510671,0.6413692070261791,0.8176588877063964
NYU_0051122,NYU,0.7534524695298457,0.688937425059214,0.8817868323466689
NYU_0051123,NYU,0.6057104826519834,0.5437871459156607,0.8229789546287137
NYU_0051124,NYU,0.6905828693036672,0.573579649820049,0.7796514962996417
NYU_0051126,NYU,0.743301979778708,0.6214251332474748,0.7601952597858859
NYU_0051127,NYU,0.7656359766917886,0.45451461846302166,0.6401248338708871
NYU_0051128,NYU,0.7822407144752497,0.5289573510581326,0.6070498365158695
NYU_0051129,NYU,0.7092228192402524,0.6399723024236595,0.795701370277504
NYU_0051130,NYU,0.7735497209103906,0.666883525628675,0.8093210357341173
NYU_0051131,NYU,0.7591527299093515,0.6165194221130557,0.7920595747937363
NYU_0051146,NYU,0.7638937857614568,0.5775014398802475,0.6377550329547049
NYU_0051147,NYU,0.7905969511150044,0.6580263290414683,0.8501507029059922
NYU_0051148,NYU,0.736339210533153,0.6546859268647597,0.7700124519696596
NYU_0051149,NYU,0.7166799233496728,0.591429346314387,0.6828642767368499
NYU_0051150,NYU,0.7847986271709191,0.6246530066354544,0.7112485835607513
NYU_0051151,NYU,0.6750581565326399,0.5655632984705695,0.6562255387433981
NYU_0051152,NYU,0.7122141259991462,0.6082542630012991,0.7137117199024053
NYU_0051153,NYU,0.7374455761994976,0.6848227312456658,0.8326828458441177
NYU_0051154,NYU,0.570332943538994,0.5360868246232631,0.5685102848107485
NYU_0051155,NYU,0.686415179117528,0.4097728783897854,0.5871949749004267
NYU_0051156,NYU,0.7204196720573482,0.7203018608962671,0.7716312385070143
NYU_0051159,NYU,0.6202248833826897,0.4949219956182104,0.8223854748031666
Olin_0050102,OLIN,0.7338210862776251,0.5508306202395205,0.7502508241745734
Olin_0050103,OLIN,0.7270656856616867,0.6162059609536259,0.8915980060361443
Olin_0050104,OLIN,0.6630308069689697,0.5164829155639938,0.7591995044065879
Olin_0050105,OLIN,0.6474717175976767,0.6561394343190398,0.8331240455957291
Olin_0050106,OLIN,0.6900029568231143,0.5168240596086507,0.7830539827662798
Olin_0050107,OLIN,0.6694316427961088,0.5778774090098093,0.7611921803936519
Olin_0050109,OLIN,0.6654576899673154,0.5353734160690301,0.8644153753904038
Olin_0050110,OLIN,0.6990242612265717,0.4613999415968955,0.694052686961783
Olin_0050111,OLIN,0.5942380812409246,0.5674700048850632,0.7801223531285679
Olin_0050112,OLIN,0.5112779403169744,0.47767161427168814,0.8655006020450255
Olin_0050113,OLIN,0.692285506274656,0.5822679728575854,0.719993924674002
Olin_0050114,OLIN,0.7477161947874882,0.6633976407351795,0.8422454635813059
Olin_0050115,OLIN,0.8378079902138926,0.765757006966996,0.8971964933635485
Olin_0050116,OLIN,0.7309795195562195,0.6888306538107857,0.8847164167605516
Olin_0050117,OLIN,0.7225082975288325,0.6790439131867005,0.8791456165154549
Olin_0050118,OLIN,0.688344002777253,0.5551839740725598,0.7434940621595363
Olin_0050119,OLIN,0.7006463849244582,0.6478816629125312,0.8258082880502962
Olin_0050120,OLIN,0.6604518317006146,0.46076063982001764,0.765670477035175
Olin_0050121,OLIN,0.764051380982924,0.6737562097982994,0.8641016597984347
Olin_0050122,OLIN,0.6796429816608507,0.46610148644944877,0.6805064213779635
Olin_0050124,OLIN,0.6858107500068618,0.5542915043336736,0.8084854866335819
Olin_0050125,OLIN,0.7161173011547998,0.6347089244231547,0.7615534392526038
Olin_0050126,OLIN,0.6972805160251546,0.3871069477658113,0.6416065046202735
Olin_0050127,OLIN,0.5841309589759074,0.5980360136584603,0.8518162941611082
Olin_0050128,OLIN,0.6691444166057785,0.5446366594480047,0.7761200382970024
Olin_0050129,OLIN,0.7652950004562075,0.7316134048381189,0.8782055189053789
Olin_0050130,OLIN,0.7162842358160004,0.6492524895667618,0.7898289413959296
Olin_0050131,OLIN,0.7666690390273884,0.6280037049751886,0.7002822760976576
Olin_0050132,OLIN,0.8340797565169124,0.6581534389460417,0.7739277217624879
Olin_0050133,OLIN,0.720790399720838,0.5529543522950958,0.6848523098410091
Olin_0050134,OLIN,0.6966681576360828,0.6201190644165936,0.9083084272424318
Olin_0050135,OLIN,0.7217855048330912,0.560427128126545,0.826366917823289
Olin_0050136,OLIN,0.7339106031126058,0.6436400068649722,0.9003083341601645
Pitt_0050003,PITT,0.8991923855996524,0.8503430563195539,0.9406308334578133
Pitt_0050004,PITT,0.6539793061124268,0.48265382459027334,0.7330563376159419
Pitt_0050005,PITT,0.5495649378441584,0.47202839411087755,0.8377746365608725
Pitt_0050006,PITT,0.6550813560908475,0.4955180860231918,0.7307370681010544
Pitt_0050007,PITT,0.6442921619234081,0.5204441925221193,0.725916024853425
Pitt_0050008,PITT,0.7031860695398375,0.48617380874503197,0.8109327325760046
Pitt_0050009,PITT,0.6924849029498822,0.50790025254488,0.7272189657387579
Pitt_0050010,PITT,0.6436012701632559,0.5649623014440883,0.698470703286996
Pitt_0050011,PITT,0.6850937032253612,0.6816019561044204,0.746650594455519
Pitt_0050012,PITT,0.7652842960947506,0.6543915708925321,0.840656917741826
Pitt_0050013,PITT,0.7065998188316801,0.5316472041612414,0.8029503911315531
Pitt_0050014,PITT,0.618754450707581,0.5419249322967843,0.8290110629315185
Pitt_0050015,PITT,0.5664681318604234,0.3257452915783165,0.623384501067648
Pitt_0050016,PITT,0.7119748131600673,0.6386851324988785,0.8462592114198175
Pitt_0050017,PITT,0.7629620278837052,0.31328442280573787,0.4875095662454574
Pitt_0050019,PITT,0.7919529577146552,0.700258236949134,0.8214266447000174
Pitt_0050020,PITT,0.721652239603418,0.6049742634395852,0.7522441950516772
Pitt_0050022,PITT,0.5869067786624971,0.5738457279885953,0.7872441539597667
Pitt_0050023,PITT,0.7020403670608357,0.5858597963360932,0.83724798768627
Pitt_0050024,PITT,0.7314273317242779,0.5533770931693563,0.6768175360664566
Pitt_0050025,PITT,0.6438532423430519,0.6517500376439276,0.795011560466095
Pitt_0050026,PITT,0.8407554269440665,0.8103311615967742,0.9223048044384291
Pitt_0050027,PITT,0.7383102007347198,0.4493721993089176,0.6876603367078968
Pitt_0050028,PITT,0.683827585687178,0.5547681976676739,0.790653050702402
Pitt_0050029,PITT,0.8329038941218354,0.6039406744947893,0.7442631182622564
Pitt_0050030,PITT,0.7620821661464557,0.4671246054810179,0.6062652161484131
Pitt_0050031,PITT,0.7062018517445614,0.5845779254051539,0.7950849615630691
Pitt_0050032,PITT,0.7892327157854436,0.64660448652726,0.7631403591150508
Pitt_0050033,PITT,0.7800576957023049,0.7486145708917816,0.8837821076512078
Pitt_0050034,PITT,0.5779037508766194,0.4892104331732376,0.8277973969644642
Pitt_0050035,PITT,0.784725914320831,0.7213909330868525,0.8786388886566635
Pitt_0050036,PITT,0.7108271511460105,0.599343588747854,0.8146425960868716
Pitt_0050037,PITT,0.7684803295719769,0.5828185874833762,0.7808838685627099
Pitt_0050038,PITT,0.6745029362034172,0.606814886344284,0.8432677721113618
Pitt_0050040,PITT,0.779400661189786,0.5847105539304793,0.7971725910104955
Pitt_0050041,PITT,0.7514701541889626,0.5925096641160664,0.6524564962033368
Pitt_0050042,PITT,0.7897199622684238,0.7258117819414813,0.8869893544515529
Pitt_0050043,PITT,0.6658565955532694,0.638263985315826,0.7901417460895409
Pitt_0050044,PITT,0.8640066409726463,0.7693803718298863,0.8760145367071529
Pitt_0050045,PITT,0.5845985256042182,0.46941202190896025,0.6754377881837986
Pitt_0050046,PITT,0.8530632364447877,0.7388936902311434,0.8890057327826386
Pitt_0050047,PITT,0.6727957418739983,0.536354399793481,0.7883638353517088
Pitt_0050048,PITT,0.7445197080411994,0.6516305662303724,0.825392716187585
Pitt_0050049,PITT,0.8674070787036995,0.8054944490363852,0.8777535254889594
Pitt_0050050,PITT,0.6346307008821657,0.5159009877245613,0.793745414745587
Pitt_0050051,PITT,0.6401063162005636,0.4648061023397759,0.7000768215730457
Pitt_0050052,PITT,0.6843750441745745,0.6280318573296243,0.8505017933716954
Pitt_0050053,PITT,0.7875337683478998,0.580026904209025,0.7980678117743398
Pitt_0050054,PITT,0.8244734151766263,0.6659522675253755,0.7792634925690171
Pitt_0050055,PITT,0.635429198379362,0.6029696809651346,0.7855730301816228
Pitt_0050056,PITT,0.767618596723012,0.5696582439786164,0.6921848673357983
Pitt_0050057,PITT,0.7305472069565995,0.6419474831064886,0.776617263668626
Pitt_0050058,PITT,0.551507905546814,0.47146799119278876,0.7357625357634371
Pitt_0050059,PITT,0.7377547752847002,0.649707155711747,0.8221555146101858
Pitt_0050060,PITT,0.5990639802977185,0.5995534498347106,0.7293965597162124
SBL_0051556,SBL,0.7367402963914874,0.6764080257320323,0.8483384674105874
SBL_0051557,SBL,0.8352195312889744,0.6274105843061702,0.6602179755854461
SBL_0051559,SBL,0.728093009045474,0.5212709199540505,0.6570232488443088
SBL_0051560,SBL,0.8020072757288439,0.6141113249005365,0.7110529785104945
SBL_0051561,SBL,0.7539021602358915,0.5941430159801259,0.681937244021632
SBL_0051562,SBL,0.7206189386189795,0.5025876726530002,0.5898179600035722
SBL_0051563,SBL,0.8098862996621904,0.5536127780376949,0.6792588887950606
SBL_0051564,SBL,0.8352743754170765,0.5989257146599865,0.7290019662267166
SBL_0051565,SBL,0.6783294059202007,0.49404800581506964,0.6810373397308062
SBL_0051566,SBL,0.6881779974854724,0.4449580396142651,0.597971456103163
SBL_0051567,SBL,0.6785140771280592,0.4730675092203596,0.6363004881802758
SBL_0051568,SBL,0.8241398216951469,0.6531202798061163,0.8058157990363785
SBL_0051569,SBL,0.6190464242159971,0.41465675993748907,0.5958259195159138
SBL_0051570,SBL,0.8459130078878926,0.6775011445081334,0.8181406735420216
SBL_0051571,SBL,0.7985157556384029,0.5663761387178446,0.6510190068640463
SBL_0051572,SBL,0.7111148435058509,0.49534645951820727,0.6336112792674343
SBL_0051573,SBL,0.7014080978159837,0.4733025670081592,0.5768900110761025
SBL_0051574,SBL,0.7131567756605406,0.5370023503338927,0.6427474829312712
SBL_0051575,SBL,0.8188429127767144,0.4968101196003061,0.7132979075074652
SBL_0051576,SBL,0.6945590472875278,0.5909940428695233,0.7171478786315177
SBL_0051577,SBL,0.6408147923451978,0.4541400396738027,0.5834287115942469
SBL_0051578,SBL,0.7079453139419771,0.5492573348739449,0.5860677571676542
SBL_0051579,SBL,0.6700486947434533,0.5272973329670069,0.6921886554765642
SBL_0051580,SBL,0.8188039702885812,0.5700290236993658,0.7275732808870118
SBL_0051581,SBL,0.7582059575140238,0.5041786645530489,0.4768104303164322
SBL_0051582,SBL,0.7685863416200573,0.5929909801957884,0.7572338173131093
SBL_0051583,SBL,0.772550967927497,0.6379037615237135,0.7021908006173029
SBL_0051584,SBL,0.880234189761532,0.62632199808317,0.7628898023610805
SBL_0051585,SBL,0.7744966599056043,0.6096539017055431,0.7128267874380907
SDSU_0050182,SDSU,0.7223876850305373,0.7515682690643237,0.8382426662569438
SDSU_0050183,SDSU,0.7388989870906771,0.742002589088275,0.8645418192548182
SDSU_0050185,SDSU,0.6831912627588443,0.5323248419717052,0.8420971317092114
SDSU_0050186,SDSU,0.8237033752094178,0.7673704050882029,0.8714861531835464
SDSU_0050187,SDSU,0.7633780603552952,0.7094551506358647,0.9153433598359288
SDSU_0050188,SDSU,0.6075714943819109,0.5278027364724246,0.8947866594753502
SDSU_0050189,SDSU,0.6137263364427626,0.5004002175294892,0.7926036150953536
SDSU_0050190,SDSU,0.7956283277084103,0.7405366281220012,0.8940184477313261
SDSU_0050191,SDSU,0.7503815287385454,0.7168754576352484,0.8901001704839914
SDSU_0050193,SDSU,0.7017866322585373,0.5841192422687596,0.796604740281472
SDSU_0050194,SDSU,0.6810289536290618,0.6555484586255419,0.8851393125352486
SDSU_0050196,SDSU,0.7352282935753194,0.5927133109920469,0.7534523968979744
SDSU_0050197,SDSU,0.6941848716264405,0.682385813921208,0.8395393309226038
SDSU_0050198,SDSU,0.6522138792632886,0.6022673894362848,0.8741100643589668
SDSU_0050199,SDSU,0.6839388926929738,0.6789430266785085,0.823507679262414
SDSU_0050200,SDSU,0.6176643334649402,0.5348103313257109,0.8239432827028356
SDSU_0050201,SDSU,0.8083351637037299,0.7667638355379094,0.918035136822555
SDSU_0050202,SDSU,0.7526184372741997,0.5142179010807282,0.7874601772346844
SDSU_0050203,SDSU,0.7064926267324946,0.7359296686312073,0.9035151409912864
SDSU_0050204,SDSU,0.6303208882332281,0.7189623662245653,0.7485715239053965
SDSU_0050205,SDSU,0.6436706520252844,0.6057367108110687,0.8424289078377846
SDSU_0050206,SDSU,0.7238425194584471,0.5635213563169338,0.845165468526381
SDSU_0050207,SDSU,0.8252636152411088,0.7244258392124165,0.844130850459464
SDSU_0050208,SDSU,0.7268914625891754,0.6378794597009332,0.8482287430657697
SDSU_0050210,SDSU,0.7279337110465455,0.7218020805349226,0.8486662432976122
SDSU_0050211,SDSU,0.6482794977745413,0.5779021672615996,0.7222363155711639
SDSU_0050212,SDSU,0.867481840332829,0.8122176068280994,0.8617964351813239
SDSU_0050213,SDSU,0.654504537126189,0.6674418207772647,0.8341462261402519
SDSU_0050214,SDSU,0.7303669791083913,0.7018727526233358,0.8762222073488435
SDSU_0050215,SDSU,0.7652723787442649,0.7114304531501646,0.8946721910070654
SDSU_0050217,SDSU,0.7194639445501533,0.6265787595259094,0.8432826193706059
Stanford_0051160,STANFORD,0.7902763654635884,0.6155770849203164,0.8125340152332327
Stanford_0051161,STANFORD,0.7189917687567361,0.5301773876678397,0.7406716326285115
Stanford_0051162,STANFORD,0.7680694512402898,0.6043534401893873,0.8332304504176257
Stanford_0051163,STANFORD,0.6842357705050927,0.5369594299212477,0.8105377510280306
Stanford_0051164,STANFORD,0.6366238979373097,0.48756368297891395,0.842163525755276
Stanford_0051165,STANFORD,0.8539330844319013,0.6649356719314694,0.7824205486137669
Stanford_0051166,STANFORD,0.6645848918757279,0.5282347729489845,0.8662395731874865
Stanford_0051167,STANFORD,0.7795031889211635,0.5530871166350465,0.7601046469842009
Stanford_0051168,STANFORD,0.7391384298742809,0.4165886969707112,0.6686058160713535
Stanford_0051169,STANFORD,0.7591934014470457,0.6639232852187268,0.8513961017640675
Stanford_0051170,STANFORD,0.8307044126377224,0.5239472364551668,0.6758902999747648
Stanford_0051171,STANFORD,0.5878126490420108,0.4097853828941572,0.746913341827285
Stanford_0051172,STANFORD,0.7499489598257154,0.48534777256663864,0.7532258847779814
Stanford_0051173,STANFORD,0.8075067901156133,0.5355610905239659,0.78635402415271
Stanford_0051174,STANFORD,0.6550928172089745,0.37914173206112045,0.7184000671636411
Stanford_0051175,STANFORD,0.6758144136221856,0.061766803219505555,0.45052652460422016
Stanford_0051177,STANFORD,0.6423035041202304,0.4407802015390471,0.6591874659255134
Stanford_0051178,STANFORD,0.6630070586520422,0.24047424088510094,0.5957076563988124
Stanford_0051179,STANFORD,0.6863695838750478,0.4883754694987457,0.7553478060827625
Stanford_0051180,STANFORD,0.8152906267266811,0.6361293665755887,0.84055614026396
Stanford_0051181,STANFORD,0.6945321637331194,0.5439940115135384,0.7737996230062913
Stanford_0051182,STANFORD,0.8136226826989413,0.6460239785307416,0.814195698059903
Stanford_0051183,STANFORD,0.8173042928636894,0.6166354955676114,0.7602993915759966
Stanford_0051184,STANFORD,0.7095703374940633,0.5519135221279963,0.8366135395064821
Stanford_0051185,STANFORD,0.73790500465763,0.434220956248133,0.6727643676840556
Stanford_0051186,STANFORD,0.8315229361890284,0.6006786911874192,0.6825750435095996
Stanford_0051187,STANFORD,0.8118360472033535,0.6910613629077851,0.8402511182513495
Stanford_0051188,STANFORD,0.7849044938612804,0.6680709024347085,0.6784177566016361
Stanford_0051189,STANFORD,0.7405911165056068,0.6057155032382006,0.8323731225050308
Stanford_0051190,STANFORD,0.7672274155383418,0.6268698486861984,0.8109047545300793
Stanford_0051191,STANFORD,0.7046459494412541,0.5509116951272416,0.824876991083334
Stanford_0051192,STANFORD,0.7595824568752072,0.523505788849682,0.7577872439954666
Stanford_0051193,STANFORD,0.8289810530866253,0.5520800381539852,0.7269884916977305
Stanford_0051194,STANFORD,0.6723471128861382,0.6205815819446262,0.8498993846472207
Stanford_0051195,STANFORD,0.786128303076986,0.5390833160195394,0.7377460234748965
Stanford_0051196,STANFORD,0.7142388062612898,0.5049494562500171,0.7888680642485432
Stanford_0051197,STANFORD,0.7137940109519282,0.3689199001800516,0.6363576699803103
Stanford_0051198,STANFORD,0.8092394894808849,0.48430366716365625,0.678519435073212
Stanford_0051199,STANFORD,0.7859005390178223,0.29538165678956957,0.43605761577151037
Trinity_0050232,TRINITY,0.7206248010337529,0.5584230213939813,0.7536190941770395
Trinity_0050233,TRINITY,0.7559160346857361,0.5190829520075133,0.607310158865268
Trinity_0050234,TRINITY,0.8154874654818648,0.7075514236191806,0.8041337872491437
Trinity_0050235,TRINITY,0.7133351471022199,0.5539520922076865,0.7285200997715897
Trinity_0050236,TRINITY,0.6744635418237843,0.6027551266215833,0.7581953457051933
Trinity_0050237,TRINITY,0.743363135905184,0.6003412398859577,0.6822113302787305
Trinity_0050239,TRINITY,0.7859824024441707,0.5919987438156841,0.6952629552379812
Trinity_0050240,TRINITY,0.7496911313676204,0.6649773138069253,0.7933591165500806
Trinity_0050241,TRINITY,0.7218663884577945,0.4991606145716159,0.7014419071897459
Trinity_0050243,TRINITY,0.6828025906349814,0.4971319522040632,0.7018181121497541
Trinity_0050245,TRINITY,0.7436659027182143,0.5575610378078106,0.6880308382035637
Trinity_0050246,TRINITY,0.712167432473088,0.49195476406865046,0.6951288606018434
Trinity_0050247,TRINITY,0.694366935300883,0.43692076247891104,0.6079375684534843
Trinity_0050248,TRINITY,0.7686652861084928,0.6316398080714608,0.6785329531955173
Trinity_0050249,TRINITY,0.7142111745267785,0.6031044271496064,0.6500744491789696
Trinity_0050250,TRINITY,0.6632393080089847,0.4976902959292539,0.7376792290843461
Trinity_0050251,TRINITY,0.7697072367519725,0.6351846823172301,0.8283588935757862
Trinity_0050252,TRINITY,0.7779824320926895,0.6143309683797645,0.763130430399589
Trinity_0050253,TRINITY,0.7018966118552293,0.5323099755260339,0.6706413476349818
Trinity_0050254,TRINITY,0.7307498341158509,0.676141419185062,0.8604942291199458
Trinity_0050255,TRINITY,0.5363483861803331,0.5924577909148265,0.743075396636175
Trinity_0050257,TRINITY,0.6921301174418439,0.5401843436395092,0.7406168980893308
Trinity_0050260,TRINITY,0.7000484967050322,0.5948393066761577,0.7326843761910272
Trinity_0050261,TRINITY,0.6979904446811198,0.5985988501195338,0.785718700688771
Trinity_0050262,TRINITY,0.7547418582022554,0.6718043413385391,0.8856248558754862
Trinity_0050263,TRINITY,0.7290816943855195,0.5907024630641495,0.7543448084403341
Trinity_0050264,TRINITY,0.7088794388211248,0.594471307817405,0.7806911800856706
Trinity_0050265,TRINITY,0.6986609248962631,0.6487559837196624,0.809633495800836
Trinity_0050266,TRINITY,0.7944885243493659,0.600631037599839,0.7390443062850379
Trinity_0050267,TRINITY,0.6842593947540059,0.5701710906120318,0.7147854400734946
Trinity_0050268,TRINITY,0.78777579874594,0.5491707682155992,0.6751594946036623
Trinity_0050269,TRINITY,0.6513637894306358,0.6018242636101326,0.78533610727096
Trinity_0050270,TRINITY,0.7127280311527243,0.569889800610204,0.7482328963213493
Trinity_0050271,TRINITY,0.6737667367795687,0.5123770027184508,0.7694770525328205
Trinity_0051132,TRINITY,0.6144050829514024,0.5248124495629306,0.696794055015118
Trinity_0051133,TRINITY,0.801600899818232,0.6692672344103258,0.7728428889470411
Trinity_0051134,TRINITY,0.6644416865218037,0.5366013857385449,0.8076460031870787
Trinity_0051135,TRINITY,0.724899297006742,0.5777306234556161,0.7246021280062999
Trinity_0051136,TRINITY,0.7944157801614412,0.5957930355865362,0.8271522420169641
Trinity_0051137,TRINITY,0.7261057228839012,0.6296588088825243,0.7593169919005895
Trinity_0051138,TRINITY,0.7117518508982329,0.6823634477392525,0.7834725533522994
Trinity_0051139,TRINITY,0.7959254046936487,0.6926632929036382,0.8131712881029465
Trinity_0051140,TRINITY,0.8326475628114596,0.6928077648819548,0.812557560445536
Trinity_0051141,TRINITY,0.8176761903996139,0.7175975482550375,0.8337480777911858
Trinity_0051142,TRINITY,0.6689888941550476,0.5446974260479175,0.7842608692790334
UCLA_1_0051201,UCLA_1,0.6021803613231186,0.27813648897129645,0.6306068238885197
UCLA_1_0051202,UCLA_1,0.6891255595177356,0.45904827641993057,0.681218747624396
UCLA_1_0051204,UCLA_1,0.7021049658611204,0.4496752152922581,0.7247399058879632
UCLA_1_0051205,UCLA_1,0.7512546026135505,0.6142698074417451,0.7902789386060237
UCLA_1_0051206,UCLA_1,0.6961134931617418,0.5084797126621347,0.7250020624255374
UCLA_1_0051207,UCLA_1,0.8646481075355158,0.7713907492429,0.8792802339267995
UCLA_1_0051208,UCLA_1,0.8015496118061091,0.7545588438518498,0.8918671138589418
UCLA_1_0051209,UCLA_1,0.717922198772261,0.46790514998805904,0.6658206454742939
UCLA_1_0051210,UCLA_1,0.6436908327566544,0.5169293128615193,0.8038531113604732
UCLA_1_0051211,UCLA_1,0.6785316429213697,0.5558180229301011,0.7661747144360437
UCLA_1_0051212,UCLA_1,0.7187992648030965,0.6345343780997863,0.8081080576521846
UCLA_1_0051214,UCLA_1,0.5560978767481929,0.4960716082998751,0.8171801858268523
UCLA_1_0051215,UCLA_1,0.6991878943141407,0.3686942414217263,0.6900008970500471
UCLA_1_0051216,UCLA_1,0.7608668212577385,0.503365020230349,0.680246316491371
UCLA_1_0051217,UCLA_1,0.7600633871493709,0.4946095639276754,0.6973361362498491
UCLA_1_0051218,UCLA_1,0.7804827474251541,0.7335035991883782,0.8575089549217755
UCLA_1_0051219,UCLA_1,0.7096465728383846,0.45500381532684436,0.6572072673705424
UCLA_1_0051220,UCLA_1,0.5976616096902964,0.4443228549524152,0.78271209355924
UCLA_1_0051221,UCLA_1,0.6841055331305943,0.4880952244124669,0.7064755314015502
UCLA_1_0051222,UCLA_1,0.5776547632417534,0.3726914440783869,0.7201446802029232
UCLA_1_0051223,UCLA_1,0.7910379831556987,0.6511285247681519,0.8254392505886641
UCLA_1_0051224,UCLA_1,0.6195247589688673,0.4269275410390537,0.6674724397021308
UCLA_1_0051225,UCLA_1,0.6956901155881956,0.4897822820679606,0.7294322718385882
UCLA_1_0051226,UCLA_1,0.5683594946199991,0.4894119817887752,0.7840948399318866
UCLA_1_0051227,UCLA_1,0.6111261322751921,0.5005802088021026,0.8485572716565043
UCLA_1_0051229,UCLA_1,0.7745742355515328,0.6830306282395534,0.8372107194148661
UCLA_1_0051230,UCLA_1,0.7782462118602782,0.6105299416055799,0.7300205121547528
UCLA_1_0051231,UCLA_1,0.7738853422713278,0.5010388731542831,0.7147190823928928
UCLA_1_0051234,UCLA_1,0.5606052034988587,0.3387313837113362,0.6943378837345908
UCLA_1_0051235,UCLA_1,0.7702911582756216,0.6142442447676274,0.8085822967355925
UCLA_1_0051236,UCLA_1,0.7410080605587152,0.5617679060299885,0.8101841193525485
UCLA_1_0051237,UCLA_1,0.6629542316244866,0.48946306332924094,0.7149521935379642
UCLA_1_0051239,UCLA_1,0.6537755744641356,0.30323217177943756,0.6088845625991228
UCLA_1_0051240,UCLA_1,0.7500623994498763,0.5975156042807037,0.7871019609710532
UCLA_1_0051241,UCLA_1,0.7763518628449438,0.6427958783125125,0.8198991343623669
UCLA_1_0051248,UCLA_1,0.669168242537672,0.4957163278614296,0.7476058910103579
UCLA_1_0051249,UCLA_1,0.49770432863776176,0.2666301477928231,0.5778506159890687
UCLA_1_0051250,UCLA_1,0.6829801481384623,0.5848771869785374,0.8500877181707033
UCLA_1_0051251,UCLA_1,0.7164476764136011,0.586992102503542,0.8883269597035176
UCLA_1_0051252,UCLA_1,0.7250633058790855,0.5198690638167259,0.762650404327757
UCLA_1_0051253,UCLA_1,0.6205761040071159,0.41578857208902625,0.6883698272169781
UCLA_1_0051254,UCLA_1,0.7099703829645556,0.5673393677737164,0.7669991962629057
UCLA_1_0051255,UCLA_1,0.6431651128011856,0.417409038656226,0.6570454416655288
UCLA_1_0051256,UCLA_1,0.6103354444306918,0.4725381946759659,0.7289431961898041
UCLA_1_0051257,UCLA_1,0.7233879235879546,0.5625312300200604,0.7890447541077786
UCLA_1_0051260,UCLA_1,0.7629343689980532,0.687275795453971,0.8322529450075096
UCLA_1_0051261,UCLA_1,0.7759523118613184,0.6302812844343343,0.7927964152411373
UCLA_1_0051262,UCLA_1,0.5920957648580263,0.3423235422113058,0.6485118809372914
UCLA_1_0051264,UCLA_1,0.7479532857956863,0.6439406733979566,0.8444806998583746
UCLA_1_0051265,UCLA_1,0.7493016954783722,0.6711494433527715,0.8150489268443706
UCLA_1_0051266,UCLA_1,0.707959459078035,0.46369866538104976,0.6802046270470327
UCLA_1_0051267,UCLA_1,0.7063673417536196,0.6194249049057922,0.8080203822919407
UCLA_1_0051268,UCLA_1,0.7317019363582657,0.61253513114807,0.8497840905913502
UCLA_1_0051269,UCLA_1,0.8199549658601134,0.6514090989129606,0.7593960189811872
UCLA_1_0051271,UCLA_1,0.7212464332906666,0.5989654403606789,0.8019637301321877
UCLA_1_0051272,UCLA_1,0.7465793443161851,0.6125285360551374,0.7922815429701411
UCLA_1_0051273,UCLA_1,0.6608326579598991,0.4867309430423543,0.6830680320095117
UCLA_1_0051274,UCLA_1,0.6314215244600859,0.33332889853801084,0.6656005553136103
UCLA_1_0051275,UCLA_1,0.6844705079124109,0.5778941621613893,0.7896331800073074
UCLA_1_0051276,UCLA_1,0.6152393442452505,0.5062019452468188,0.7390080934156275
UCLA_1_0051277,UCLA_1,0.7033286952905248,0.48321608968035357,0.747004266860968
UCLA_1_0051278,UCLA_1,0.6618740763701906,0.30649330318020024,0.6035320522254798
UCLA_1_0051279,UCLA_1,0.677879230687849,0.4868249102884623,0.7193979842026301
UCLA_1_0051280,UCLA_1,0.7505272187712385,0.6260850300417434,0.7966603684807602
UCLA_1_0051281,UCLA_1,0.7594804198194794,0.5832564036452197,0.7351830147061718
UCLA_1_0051282,UCLA_1,0.6848250165778983,0.572867761481225,0.7955430702410162
UCLA_2_0051291,UCLA_2,0.7024807785560503,0.4315946057686145,0.6529140643455139
UCLA_2_0051293,UCLA_2,0.6295818796258442,0.3646290700667146,0.6938749974291641
UCLA_2_0051294,UCLA_2,0.693922942247634,0.4934687350159759,0.7854628646220791
UCLA_2_0051295,UCLA_2,0.7957843390055104,0.6113305429293507,0.7960436703461742
UCLA_2_0051297,UCLA_2,0.5853082120493281,0.5158311694728521,0.7294224532479111
UCLA_2_0051298,UCLA_2,0.6753829132374043,0.5111456717670648,0.7315214833887675
UCLA_2_0051299,UCLA_2,0.6322454938241031,0.4778000424868608,0.7906559026720503
UCLA_2_0051301,UCLA_2,0.73051001119242,0.6106817562608498,0.8292043902787473
UCLA_2_0051302,UCLA_2,0.6646674874048156,0.5408767076265869,0.7768002459247365
UCLA_2_0051303,UCLA_2,0.7586354134122857,0.6262669176548346,0.7676199050945247
UCLA_2_0051304,UCLA_2,0.6974980598444822,0.4519012031412969,0.7317407875256909
UCLA_2_0051305,UCLA_2,0.669573966267514,0.5724863104528133,0.7322949342954688
UCLA_2_0051306,UCLA_2,0.7671679954754513,0.5846497988822078,0.7208205321032995
UCLA_2_0051307,UCLA_2,0.7515425970128592,0.6203796661115762,0.8180233880885291
UCLA_2_0051308,UCLA_2,0.6726014991323375,0.4481253916562919,0.7670630847693289
UCLA_2_0051309,UCLA_2,0.6739571459892825,0.6303966302346302,0.8387184613507858
UCLA_2_0051311,UCLA_2,0.6898649630289405,0.4043393807060269,0.6065600130337304
UCLA_2_0051312,UCLA_2,0.7833941555464525,0.489632085475379,0.6817651008663566
UCLA_2_0051313,UCLA_2,0.7104308849339864,0.4728443510361927,0.675895986536875
UCLA_2_0051314,UCLA_2,0.6823586020760875,0.5662290189190028,0.7794430917675382
UCLA_2_0051315,UCLA_2,0.5999472239327557,0.41049398917654895,0.7974852771662634
UCLA_2_0051316,UCLA_2,0.6899850801109165,0.536393954457831,0.7592346096274161
UCLA_2_0051317,UCLA_2,0.8285900083550157,0.6431848064316487,0.7738299973181972
UM_1_0050272,UM_1,0.8228604733310964,0.4777233449909625,0.6450582513566592
UM_1_0050273,UM_1,0.6529736198750276,0.5089600699609074,0.8275831003742508
UM_1_0050274,UM_1,0.7941187100821792,0.5912398444903534,0.6323537790786976
UM_1_0050275,UM_1,0.7207737045768946,0.6367979889542682,0.8182414142334383
UM_1_0050276,UM_1,0.8118335740537004,0.6727286682008843,0.8065747438344713
UM_1_0050277,UM_1,0.8390002496092814,0.41580567232284077,0.6274314971802244
UM_1_0050278,UM_1,0.8474695717536693,0.681426324896313,0.832282990974908
UM_1_0050280,UM_1,0.8545390236580087,0.7628017125818883,0.8703513020840672
UM_1_0050282,UM_1,0.6821151233261913,0.5668163538581753,0.7913661026527902
UM_1_0050283,UM_1,0.6462987268439996,0.5511380933871121,0.7561692755738842
UM_1_0050284,UM_1,0.7633150143580867,0.4572503523309947,0.6854419606698178
UM_1_0050285,UM_1,0.7368619033265413,0.4405016415255012,0.6507426124314196
UM_1_0050287,UM_1,0.8072372390743585,0.6548054303119606,0.7930002762089646
UM_1_0050288,UM_1,0.81029489613465,0.4920740240743877,0.662846789476764
UM_1_0050289,UM_1,0.7650376476239027,0.49621263021716516,0.6930194930675325
UM_1_0050290,UM_1,0.7211972645815984,0.5189971964426832,0.7836013663259355
UM_1_0050291,UM_1,0.7344230524980847,0.4879128231176084,0.7807875459057549
UM_1_0050292,UM_1,0.7822147257022529,0.4045569887690186,0.6080228813990272
UM_1_0050293,UM_1,0.7829567625133643,0.6149160167920241,0.7381964983488292
UM_1_0050294,UM_1,0.78267789503466,0.6781822935956527,0.8702625404751526
UM_1_0050295,UM_1,0.7766028519167448,0.5729299823050196,0.7996261417228522
UM_1_0050296,UM_1,0.7684717657137452,0.7358861143073474,0.8356479685576914
UM_1_0050297,UM_1,0.817888322145923,0.33571042105395954,0.49018254752607215
UM_1_0050298,UM_1,0.7117228756314226,0.5029560159300894,0.7281458158691801
UM_1_0050300,UM_1,0.7169157827094274,0.509356942054601,0.775099471365027
UM_1_0050301,UM_1,0.8046009236555396,0.6496990427699155,0.8278024163002744
UM_1_0050302,UM_1,0.7317953470529068,0.4337456067513594,0.6454858280140726
UM_1_0050304,UM_1,0.7488158684796007,0.3720647364569941,0.5335845872271073
UM_1_0050305,UM_1,0.7388766163467523,0.40604686517732863,0.7085737742848138
UM_1_0050306,UM_1,0.7141107466872884,0.3322208912543547,0.5772603439399742
UM_1_0050307,UM_1,0.72209483733737,0.5511234626620178,0.7739641191150773
UM_1_0050310,UM_1,0.7468967827439235,0.5737899578160817,0.7420379105193746
UM_1_0050311,UM_1,0.8971962061094018,0.7600144061716848,0.8623100434420206
UM_1_0050312,UM_1,0.7437242798446526,0.43807966502099704,0.7555876909872072
UM_1_0050314,UM_1,0.8226947926487965,0.6630345799650254,0.798434066713659
UM_1_0050315,UM_1,0.6800439459580188,0.47504801891836257,0.7339371752053453
UM_1_0050316,UM_1,0.6937437468222968,0.3269326144071907,0.5797298007418443
UM_1_0050318,UM_1,0.7426882423205152,0.49786362379193627,0.7127602100353979
UM_1_0050319,UM_1,0.8030862484160046,0.5702852315160983,0.7538710846224699
UM_1_0050320,UM_1,0.6808590183338211,0.5915222874725685,0.8428495070555754
UM_1_0050321,UM_1,0.6553352177522794,0.5974302126552,0.798839280156382
UM_1_0050322,UM_1,0.7863740838088022,0.3819182680479541,0.5661313021202717
UM_1_0050324,UM_1,0.6698892241273051,0.5771263345123752,0.7066179927842998
UM_1_0050325,UM_1,0.6725053662355815,0.4863615307411008,0.746692860073829
UM_1_0050326,UM_1,0.7866139968449174,0.45891836144647946,0.7455537155320607
UM_1_0050327,UM_1,0.8126991046083283,0.6156451109278375,0.8079085100896165
UM_1_0050329,UM_1,0.7361869445227582,0.5119641618712815,0.6405416928039068
UM_1_0050330,UM_1,0.6742019050420887,0.6191621053307158,0.8823319544305227
UM_1_0050331,UM_1,0.6933062709363595,0.5762669995050813,0.8223410315880684
UM_1_0050332,UM_1,0.7183887888057642,0.49796389481719244,0.7398138496740924
UM_1_0050333,UM_1,0.7782476560330023,0.4838201627857319,0.7056286382952798
UM_1_0050334,UM_1,0.677299316671661,0.4962772897085173,0.7279341825782029
UM_1_0050335,UM_1,0.662478859485811,0.593418963878855,0.683286008499383
UM_1_0050336,UM_1,0.7644194792457213,0.675877757030289,0.8173813319777861
UM_1_0050337,UM_1,0.7611728057537529,0.5908996951235244,0.8257550011480984
UM_1_0050338,UM_1,0.6438240418421717,0.5257211407839547,0.7394336880749948
UM_1_0050339,UM_1,0.8016915385845338,0.6313130890287331,0.769350414077962
UM_1_0050340,UM_1,0.8302071687483255,0.6381906081685452,0.7160114305500771
UM_1_0050341,UM_1,0.686333220744165,0.5447368059036112,0.8026244208838808
UM_1_0050342,UM_1,0.7594724887313035,0.4669840414024587,0.701376643466928
UM_1_0050343,UM_1,0.7596600162793052,0.5059176944582809,0.6817704733348763
UM_1_0050344,UM_1,0.7281124078134718,0.5419539534794849,0.750515492894961
UM_1_0050345,UM_1,0.655843821908128,0.6105827240893891,0.8724140906726153
UM_1_0050346,UM_1,0.7122691598887825,0.6385085519102836,0.863412730037467
UM_1_0050347,UM_1,0.7254336859315769,0.4566325558117684,0.6558073971728359
UM_1_0050348,UM_1,0.7113781333503164,0.5716094576882632,0.7512233769255405
UM_1_0050349,UM_1,0.773006651186595,0.6366477659425928,0.7884974041353648
UM_1_0050350,UM_1,0.7164769559668804,0.5682252679968574,0.7781732068371845
UM_1_0050351,UM_1,0.563605265576139,0.5045031121813023,0.800139060337755
UM_1_0050352,UM_1,0.6936905928743159,0.38637164728939294,0.6288077700528362
UM_1_0050353,UM_1,0.7212175504846571,0.7118545437627597,0.8231062179194313
UM_1_0050354,UM_1,0.7511196198796184,0.5271324838782903,0.7608907222002075
UM_1_0050355,UM_1,0.711609060882624,0.47172560629100097,0.7219755249740855
UM_1_0050356,UM_1,0.7002095335475781,0.5785871248956476,0.7213817839328246
UM_1_0050357,UM_1,0.6307146636146509,0.5989768034477069,0.7927286635892973
UM_1_0050358,UM_1,0.790275394975026,0.7189524694599818,0.863733582944883
UM_1_0050359,UM_1,0.7542630399634069,0.3991584036270335,0.5944691292773189
UM_1_0050360,UM_1,0.6708850712001125,0.641267749354112,0.8846038445090177
UM_1_0050361,UM_1,0.8722854539850229,0.7637218542754701,0.8730590339217683
UM_1_0050362,UM_1,0.7731107806719298,0.6417034239135706,0.8108940864077328
UM_1_0050363,UM_1,0.6615250331905993,0.24305201882695418,0.5851758453276913
UM_1_0050364,UM_1,0.6808664364703071,0.3206741585503182,0.6063551255551808
UM_1_0050365,UM_1,0.8298869905429529,0.7137389523671707,0.867338403038403
UM_1_0050366,UM_1,0.739475505288629,0.5387603408118685,0.7916876828008172
UM_1_0050367,UM_1,0.7445341592901122,0.562010906664453,0.7622459449546023
UM_1_0050368,UM_1,0.7558044353129711,0.5814827206272346,0.7953362697344677
UM_1_0050369,UM_1,0.751072134051985,0.6621771462061855,0.7965879859147302
UM_1_0050370,UM_1,0.7847159281878355,0.5764950006418169,0.7495304429973867
UM_1_0050371,UM_1,0.8130867856483069,0.5511080248494615,0.6541627819087918
UM_1_0050372,UM_1,0.7151725716883194,0.5628562834424272,0.6996494863417047
UM_1_0050373,UM_1,0.748276277396164,0.5757567545830398,0.7775671533495725
UM_1_0050374,UM_1,0.7646853610830535,0.639402122318958,0.8466317496609783
UM_1_0050375,UM_1,0.7476249547384307,0.6158436182854325,0.7450608603927246
UM_1_0050376,UM_1,0.8091516223532501,0.4407747290279187,0.6851718759553658
UM_1_0050377,UM_1,0.8437344788506377,0.756908306783742,0.8825911052760027
UM_1_0050379,UM_1,0.6222656785224794,0.4001332790060941,0.6046841744886325
UM_1_0050380,UM_1,0.8168871320649618,0.6425617852378547,0.7410739732470852
UM_1_0050381,UM_1,0.723096607804679,0.4117791253996421,0.6766927318431103
UM_2_0050382,UM_2,0.6720526723554433,0.5672033507338534,0.8402513587278073
UM_2_0050385,UM_2,0.8268724741466017,0.5633775461290512,0.7420048141478054
UM_2_0050386,UM_2,0.6556818978157523,0.4852249035777082,0.7162890435324464
UM_2_0050387,UM_2,0.7590606386925924,0.47356407496405145,0.6022840858888077
UM_2_0050388,UM_2,0.6878683727049124,0.5791213345084011,0.797845882508679
UM_2_0050390,UM_2,0.7587295681815522,0.486973262437122,0.7104845418914529
UM_2_0050391,UM_2,0.7120981524134337,0.5721476867986016,0.8358046181178778
UM_2_0050397,UM_2,0.6781950939850898,0.641081801191571,0.7678076491499846
UM_2_0050399,UM_2,0.878745237373269,0.7830955251184771,0.8616703763719162
UM_2_0050402,UM_2,0.699290858772353,0.7094662715596493,0.6694778441922793
UM_2_0050403,UM_2,0.8460483102574682,0.5343034381444497,0.6534172512595285
UM_2_0050404,UM_2,0.752897785147211,0.6385952812906954,0.8927747438815221
UM_2_0050405,UM_2,0.7400198078788083,0.6322312784657967,0.8165146073377905
UM_2_0050406,UM_2,0.8680629829496257,0.4865987749201748,0.642355603068495
UM_2_0050407,UM_2,0.7936817567801993,0.672967730976897,0.8671505747019913
UM_2_0050408,UM_2,0.8084965896331563,0.6614096725598231,0.7907331803298367
UM_2_0050410,UM_2,0.803620446945422,0.5385399363172273,0.6551867835279118
UM_2_0050411,UM_2,0.7570780037378411,0.4217175884699269,0.6253121933436708
UM_2_0050412,UM_2,0.7831833951293526,0.7107106847435576,0.8427725667756591
UM_2_0050413,UM_2,0.7774409659925771,0.48603570317819006,0.6207344590830776
UM_2_0050414,UM_2,0.7906702364541637,0.5659702724905651,0.774450590289301
UM_2_0050415,UM_2,0.8685888914941733,0.6777218847337562,0.7046877857899068
UM_2_0050416,UM_2,0.834354659937562,0.6812910435243856,0.8002663460920115
UM_2_0050417,UM_2,0.7081447526866647,0.510222475361007,0.7084521920036022
UM_2_0050418,UM_2,0.8167858504892674,0.7034354245001125,0.890878976635998
UM_2_0050419,UM_2,0.7824093233175065,0.6705075434979539,0.7691097673851472
UM_2_0050421,UM_2,0.7287410641785018,0.6067417215213503,0.843649577346433
UM_2_0050422,UM_2,0.7947848492906001,0.31800883781550965,0.5239704313589288
UM_2_0050424,UM_2,0.6988412248202636,0.6190593836388093,0.8890220434636018
UM_2_0050425,UM_2,0.7194391368911753,0.6709479689268731,0.8994439932020613
UM_2_0050426,UM_2,0.824388642947838,0.7368312527812622,0.8478462135380549
UM_2_0050427,UM_2,0.750856705571948,0.5361584606971256,0.7460289930925981
UM_2_0050428,UM_2,0.7841621515396211,0.6828447312334082,0.8923790220771878
USM_0050433,USM,0.8166340464098767,0.6155941746781128,0.7042945319691297
USM_0050434,USM,0.7688340027906557,0.5545988374302669,0.6371280296592692
USM_0050435,USM,0.7529489535542704,0.6517964252009827,0.8183468591410431
USM_0050436,USM,0.7588035159605474,0.6208015849902173,0.7879978860829484
USM_0050437,USM,0.8110899683653937,0.6894187417545371,0.8321122160453202
USM_0050438,USM,0.7553667726237531,0.6058070432283513,0.8095378716625573
USM_0050439,USM,0.7783885650108102,0.28141544458554946,0.35620290057544646
USM_0050440,USM,0.7476679881965311,0.2016185923811747,0.3206256724065941
USM_0050441,USM,0.636298503900446,0.4631746990934872,0.7535206496657744
USM_0050442,USM,0.7791840643246776,0.4172557207527069,0.6506948888525634
USM_0050443,USM,0.7900334740624051,0.50034939841694,0.6347933540061395
USM_0050444,USM,0.804259350843104,0.5153055049464785,0.7108010389016609
USM_0050445,USM,0.7835004667025841,0.6023735739538929,0.7992571065420532
USM_0050446,USM,0.6716350755639959,0.44961694372545535,0.6339643036636078
USM_0050447,USM,0.6670093787387784,0.46379419704858793,0.6905858103957999
USM_0050448,USM,0.7770047342652171,0.5634587969124887,0.768710342328761
USM_0050449,USM,0.733266269356992,0.5811315155237999,0.7618920516904398
USM_0050453,USM,0.704930577969107,0.5764668790494254,0.7769030085620179
USM_0050455,USM,0.6113762790052524,0.4202722555069691,0.6831124506494866
USM_0050463,USM,0.7744955318820059,0.5292160943499705,0.7088681078057077
USM_0050466,USM,0.7393530035546749,0.3176650503334442,0.5666695514302253
USM_0050467,USM,0.7323737262228646,0.611310467617193,0.8188399642142429
USM_0050468,USM,0.7856943924025377,0.664229561915837,0.8003464453805849
USM_0050469,USM,0.6943331531727532,0.4759170511454534,0.6494546533753831
USM_0050470,USM,0.7059013248192333,0.536753984646557,0.7436810774919835
USM_0050477,USM,0.696220092877197,0.5648846048536849,0.7865221771208882
USM_0050480,USM,0.6321568557527761,0.3107477550420707,0.511702448121937
USM_0050481,USM,0.7853536318225904,0.1887345972525937,0.39532036090081024
USM_0050482,USM,0.7571283190348997,0.49385079038947344,0.626073432135224
USM_0050483,USM,0.7361014382283493,0.44836997680852303,0.6222153170288788
USM_0050485,USM,0.7805003846137892,0.4945924089760264,0.722062575466634
USM_0050486,USM,0.6592174234955459,0.21614938008037038,0.4603741322804642
USM_0050487,USM,0.7270964852350997,0.5719978016357168,0.8274863605697311
USM_0050488,USM,0.6938366853242803,0.40852469525142204,0.6937144254112186
USM_0050490,USM,0.8414174599330094,0.7425241289066014,0.874798269479584
USM_0050491,USM,0.746303714600879,0.47567696032611373,0.6808789655112856
USM_0050492,USM,0.7610991008297093,0.5386063867716608,0.7345303404902013
USM_0050493,USM,0.7696574310936638,0.273562059345041,0.4257124454700366
USM_0050494,USM,0.7645878742578002,0.48171109667293227,0.6056055603108594
USM_0050496,USM,0.6332995258772143,0.29373961931586545,0.5460210209774735
USM_0050497,USM,0.609996829807673,0.5036182953428853,0.7157711015023175
USM_0050498,USM,0.6782681756901654,0.3241589611835852,0.47559215861413906
USM_0050499,USM,0.609489038615425,0.51701167626298,0.8171906860176094
USM_0050500,USM,0.8107330540266295,0.4586014401078023,0.5217604573888162
USM_0050501,USM,0.7783949752625031,0.41846894408383384,0.6920380615911779
USM_0050502,USM,0.7266120231236848,0.22103161701675061,0.37080086507088333
USM_0050503,USM,0.5866292656969831,0.38866296202998685,0.7220061286165764
USM_0050504,USM,0.7057557720607927,0.32804683262478335,0.6547228401957351
USM_0050505,USM,0.5710107970913592,0.3276684428127614,0.6075113059742778
USM_0050507,USM,0.8004163578300802,0.4990020757451294,0.747077391150132
USM_0050509,USM,0.7382564474745535,0.3505786020989721,0.6940180015593906
USM_0050510,USM,0.6358237272087954,0.3002615135080119,0.5654247589445424
USM_0050511,USM,0.7115079672614234,0.2792887976843211,0.5122153804310194
USM_0050514,USM,0.7147476868065894,0.5335434131294057,0.6649628320706175
USM_0050515,USM,0.7582208181971999,0.4404999649674328,0.6280484768652863
USM_0050516,USM,0.7163158413221172,0.6050726241645584,0.7978379961952211
USM_0050518,USM,0.7955563775702247,0.3995211720723013,0.5136446748968121
USM_0050519,USM,0.6767249062785339,0.3508540389560259,0.4548549556547027
USM_0050520,USM,0.7393553081089752,0.6481693648362331,0.8284120012746942
USM_0050521,USM,0.6717694100660855,0.5296700492486879,0.801370268825381
USM_0050523,USM,0.6725017144761551,0.40986563954849525,0.69419044639085
USM_0050524,USM,0.8077064793429377,0.3370428763271266,0.3663263212614645
USM_0050525,USM,0.772673279421299,0.45544949213018227,0.46690486827714833
USM_0050526,USM,0.8156887777198496,0.6281351985636853,0.6854349707836578
USM_0050527,USM,0.6366866006758592,0.45020918931033327,0.712970841427448
USM_0050528,USM,0.7282027859298099,0.480917958063296,0.7151868476380131
USM_0050529,USM,0.6621755995837504,0.3156002443849671,0.6319354889275011
USM_0050530,USM,0.8040979202058154,0.45076225455434055,0.5639505863378209
USM_0050532,USM,0.7908797102594124,0.3167413963030705,0.4251300212879677
Yale_0050551,YALE,0.7566334075227683,0.6977432567223838,0.8934916645443047
Yale_0050552,YALE,0.7584872702139891,0.6287621340419329,0.8314375482175365
Yale_0050553,YALE,0.7971533529483579,0.6849110637869303,0.815089163002685
Yale_0050554,YALE,0.9097055878810301,0.7998825557443553,0.8598073966547605
Yale_0050555,YALE,0.8209852442870028,0.6414008801291259,0.8054125608800199
Yale_0050556,YALE,0.8071990769965165,0.7778237571139193,0.8876929100396598
Yale_0050557,YALE,0.7650559591817842,0.746867635491608,0.9235546381553587
Yale_0050558,YALE,0.7139596043910339,0.7212711206965077,0.8858567691703143
Yale_0050559,YALE,0.7858072222724539,0.6679805613454979,0.7780758672784618
Yale_0050560,YALE,0.6711975989644858,0.580313750265699,0.8021362543263075
Yale_0050561,YALE,0.7512360655638455,0.6673605954181978,0.8301341910631957
Yale_0050562,YALE,0.7854534821981826,0.6872812357175506,0.8043091452035375
Yale_0050563,YALE,0.819478121415704,0.651429442522845,0.8224183438538968
Yale_0050564,YALE,0.7936762396162715,0.6109522403568717,0.7953716440765354
Yale_0050565,YALE,0.6723668957453618,0.5720099459264153,0.8400191093238248
Yale_0050566,YALE,0.8105693947849019,0.732975799587443,0.8548139051761068
Yale_0050567,YALE,0.7357554781048513,0.7155218921155692,0.9188073140412508
Yale_0050568,YALE,0.7202850607054639,0.6945613702883355,0.9284903631724286
Yale_0050569,YALE,0.7336428215302332,0.6176762223574939,0.8366111583290825
Yale_0050570,YALE,0.7699450557931273,0.6644047987498584,0.8277765399552899
Yale_0050571,YALE,0.654801140669851,0.566614380885654,0.8113805002345266
Yale_0050572,YALE,0.8942661396747233,0.7507769258220708,0.8366933644329781
Yale_0050573,YALE,0.7996631730101654,0.6819286487332435,0.8562330106982529
Yale_0050574,YALE,0.7885402227457617,0.6964939249792231,0.8834354704967053
Yale_0050575,YALE,0.8133071098562362,0.7266368619512941,0.8995647819066874
Yale_0050576,YALE,0.8542530455179743,0.7190136553715551,0.8295219994569532
Yale_0050577,YALE,0.7658826136866211,0.6709248293369138,0.8772498466406956
Yale_0050578,YALE,0.7805594250599988,0.5643962070875195,0.7530558710236348
Yale_0050601,YALE,0.7569343584634134,0.5864575849016647,0.791748777506575
Yale_0050602,YALE,0.7853000034743753,0.6285712566605368,0.7898095856990912
Yale_0050603,YALE,0.8207335205913261,0.7662928054394845,0.8897872015701095
Yale_0050604,YALE,0.727900225647307,0.7182862141196674,0.8898689662556467
Yale_0050605,YALE,0.7182775564817288,0.7116921958778694,0.8088234758961698
Yale_0050606,YALE,0.836619727773031,0.7394071162034752,0.9023432709738308
Yale_0050607,YALE,0.8576447214119801,0.7126820435092548,0.8097256428629218
Yale_0050608,YALE,0.8364168447422263,0.66210748134022,0.8692727973478731
Yale_0050609,YALE,0.8299267155019697,0.6958717647830308,0.7721789136126312
Yale_0050611,YALE,0.8869937357701217,0.7334198805595843,0.8352125107031727
Yale_0050612,YALE,0.8332211909317419,0.7261037196227416,0.8968210482673772
Yale_0050613,YALE,0.8954659064839163,0.8146148650333022,0.9095578022750239
Yale_0050614,YALE,0.787065975634501,0.617739550472726,0.8764737445351387
Yale_0050615,YALE,0.7741808316630279,0.47209680835962764,0.6850568175070485
Yale_0050616,YALE,0.7375109197360582,0.5913969112709588,0.7657759933067229
Yale_0050617,YALE,0.7835068604747266,0.6052227736698452,0.7895146649077233
Yale_0050618,YALE,0.781653620651043,0.6304387280306292,0.8308007152715268
Yale_0050619,YALE,0.8303984167985738,0.6657125077437769,0.8304183405412603
Yale_0050620,YALE,0.7713195587353632,0.6989377330459834,0.884053747491736
Yale_0050621,YALE,0.7854663744480768,0.7125613088039986,0.887366410419636
Yale_0050622,YALE,0.8917641430770471,0.8047234139522202,0.8704374057792934
Yale_0050623,YALE,0.7998087790251166,0.7247434424866707,0.8715958718893678
Yale_0050624,YALE,0.7402991295987635,0.6668419360578267,0.8897230719210873
Yale_0050625,YALE,0.7723769799949444,0.6433012905241698,0.8373555239202936
Yale_0050626,YALE,0.7904222438718681,0.5872944602177838,0.7735578001907935
Yale_0050627,YALE,0.747523010129434,0.6486895385414972,0.7820696977238152
Yale_0050628,YALE,0.7912494751050515,0.674236519089666,0.838268187670678
