source,band,min,max,mean,median,sd,iqr,outliers_3iqr,n_nan,subject_sd_cv,roi_sd_cv,var_between_subject,var_between_roi
M1,slow5,0.46090780494330763,62.0828510771311,6.228991662966973,5.605434027978687,3.0729733402422945,3.5555484487845668,483,0,0.3196138522807754,0.22915151838327857,3.3201905865838035,1.8071284653025688
M1,slow4,0.48302783603845306,48.911756995353976,4.9898403852754045,4.549813951793681,2.1821860754782376,2.531039604958024,455,0,0.3148874309872125,0.22661759822330302,1.8466876578869538,1.0622566235181459
M1,classical,0.48468004580422724,49.6544451458305,5.217338703224539,4.7734346481402605,2.2524421201600346,2.6278738532438455,446,0,0.3093881297035647,0.2307473256044087,1.9763027625866403,1.1685113850067625
M2,slow5,0.5396375084889795,126.18423171250168,13.915710374356943,13.27679072283282,4.901844767745952,5.564587515313013,528,0,0.43020530590275347,0.23196108524905648,13.902549615631965,2.6975426756196703
M2,slow4,0.5770400138860836,98.32016731118041,12.884015854034404,12.465655666633786,4.147340683375113,5.216273152282026,251,0,0.3922344266724489,0.18200385457401988,10.90128301553868,1.7266192285619837
M2,classical,0.5726724002827179,104.47017824260455,13.055116597851331,12.616257522022195,4.238552456881141,5.204748506803021,315,0,0.4025577294713348,0.19585669823534543,11.24262330146731,1.8520106360947453
OLD,slow5,0.0018327139564376744,51.937839839830396,5.054073330907421,4.391837308477569,2.944437734812359,3.3250546059224644,557,0,0.31422766796951757,0.33181798372071475,2.3455473905266424,3.0055655019801004
OLD,slow4,0.00270549693059636,33.37205931886542,4.060041547440162,3.597701748054549,2.1449566142434255,2.4806696671604787,463,0,0.29087804047965116,0.3099083593261292,1.3416872483070865,1.781715682794131
OLD,classical,0.0025317432976935997,38.15523796188948,4.2420573744800425,3.7607608839461175,2.22378430513899,2.5671417496254567,435,0,0.28786286048211424,0.31585453699182187,1.4325454786846739,1.9696077258811993
