source,band,norm,clf,pooled_auc,pooled_bacc,pooled_acc,pooled_sens,pooled_spec,pooled_f1,pooled_prec,pooled_tn,pooled_fp,pooled_fn,pooled_tp,auc_mean,auc_sd,bacc_mean,bacc_sd,acc_mean,sens_mean,spec_mean,f1_mean,prec_mean,per_fold_auc,best_C,secs
M1,slow5,A_RAW,linsvm,0.6465634565834966,0.5973705653064371,0.59958071278826,0.5494505494505495,0.6452905811623246,0.5668934240362812,0.585480093676815,322,177,205,250,0.6473601953601954,0.0298611536963456,0.5973414363414363,0.0276054720894976,0.5995646183521632,0.5494505494505495,0.6452323232323233,0.5667935776437989,0.5892935178728006,"[0.607802, 0.657802, 0.666593, 0.679451, 0.625153]","[0.001, 0.001, 0.001, 0.001, 0.001]",1.7
M1,classical,A_RAW,linsvm,0.6541214296725318,0.621515558589707,0.6247379454926625,0.5516483516483517,0.6913827655310621,0.5837209302325581,0.6197530864197531,345,154,204,251,0.6560792540792542,0.0196999845689144,0.6215211455211455,0.0188165121653196,0.6247506200055112,0.5516483516483517,0.6913939393939394,0.5835185798876814,0.6234754064911001,"[0.624286, 0.675934, 0.668132, 0.657033, 0.655012]","[0.01, 0.001, 0.001, 0.001, 0.001]",0.6
M2,slow5,A_RAW,linsvm,0.6363099826025679,0.6022198242639125,0.6058700209643606,0.5230769230769231,0.6813627254509018,0.5586854460093896,0.5994962216624685,340,159,217,238,0.6366799866799866,0.0239996793801551,0.6021950271950273,0.0091628385468423,0.605869385505649,0.5230769230769232,0.6813131313131313,0.5581358434846807,0.6008752209533841,"[0.634286, 0.668132, 0.649011, 0.628242, 0.60373]","[0.001, 0.001, 0.001, 0.001, 0.001]",0.7
M2,classical,A_RAW,linsvm,0.6136360633354622,0.5778502059063182,0.5828092243186582,0.4703296703296703,0.685370741482966,0.5181598062953995,0.5768194070080862,342,157,241,214,0.612098124098124,0.0288406667996955,0.5777809967809968,0.0390008928303034,0.582744557729402,0.4703296703296703,0.6852323232323233,0.5183512474607318,0.5784553111634809,"[0.608462, 0.631978, 0.615165, 0.639341, 0.565546]","[0.001, 0.001, 0.001, 0.001, 0.001]",0.7
OLD,slow5,A_RAW,linsvm,0.6334339007685701,0.60008588605783,0.6027253668763103,0.5428571428571428,0.657314629258517,0.565864833906071,0.5909090909090909,328,171,208,247,0.6327989787989787,0.0439891375238914,0.600054834054834,0.0424205589716416,0.6026839349683109,0.5428571428571429,0.6572525252525253,0.5652489625557993,0.5926533832334695,"[0.572637, 0.662967, 0.622308, 0.686813, 0.61927]","[0.001, 0.001, 0.001, 0.001, 0.001]",0.6
OLD,classical,A_RAW,linsvm,0.6227796251844347,0.6081019181219582,0.6111111111111112,0.5428571428571428,0.6733466933867736,0.5710982658959538,0.6024390243902439,336,163,208,247,0.6249810189810191,0.0381270295926459,0.60811544011544,0.0289153617187315,0.6110939652796914,0.5428571428571429,0.6733737373737374,0.5704470619930238,0.605939522941962,"[0.573407, 0.665934, 0.631319, 0.653846, 0.6004]","[0.1, 0.001, 0.001, 0.001, 0.001]",0.6
M1,slow5,A_RAW,logreg,0.6459820740381862,0.6001519522561607,0.6048218029350105,0.4989010989010989,0.7014028056112225,0.54632972322503,0.6037234042553191,350,149,228,227,0.6526850926850927,0.027367134690437,0.6001778221778221,0.0323801430154799,0.6048332874069992,0.4989010989010989,0.7014545454545453,0.5449926818184336,0.6103739086665823,"[0.613736, 0.657253, 0.651429, 0.690769, 0.650239]","[0.01, 0.001, 0.001, 0.001, 0.001]",2.2
M1,classical,A_RAW,logreg,0.6459380299059658,0.6110440661542866,0.6153039832285115,0.5186813186813187,0.7034068136272545,0.5625744934445769,0.6145833333333334,351,148,219,236,0.6493739593739594,0.0188825681404398,0.611037629037629,0.0154175625629849,0.6153155139156793,0.5186813186813186,0.7033939393939393,0.5590290119464381,0.6238709459763394,"[0.623626, 0.675604, 0.642308, 0.651319, 0.654013]","[0.1, 0.01, 0.001, 0.01, 0.01]",1.0
M2,slow5,A_RAW,logreg,0.6378779537096171,0.606908322138783,0.6132075471698113,0.4703296703296703,0.7434869739478958,0.5370138017565872,0.6257309941520468,371,128,241,214,0.6411404151404152,0.0217222579023598,0.6069022089022089,0.0171698156451154,0.613193717277487,0.4703296703296703,0.7434747474747476,0.5361513261820543,0.6268621131903765,"[0.633956, 0.666703, 0.65989, 0.630989, 0.614164]","[0.001, 0.001, 0.001, 0.01, 0.001]",2.1
M2,classical,A_RAW,logreg,0.6236737210685106,0.598634631901165,0.6058700209643606,0.4417582417582417,0.7555110220440882,0.5167095115681234,0.6222910216718266,377,122,254,201,0.623062049062049,0.0249485951296372,0.5986265956265957,0.0397132651728179,0.6058252962248554,0.4417582417582418,0.7554949494949496,0.5144270295061283,0.6208983170752286,"[0.608791, 0.641758, 0.643077, 0.635714, 0.58597]","[0.001, 0.001, 0.001, 0.01, 0.001]",2.1
OLD,slow5,A_RAW,logreg,0.6292585170340681,0.6003457464379308,0.6048218029350105,0.5032967032967033,0.6973947895791583,0.548502994011976,0.6026315789473684,348,151,226,229,0.6305547785547787,0.0475819672526265,0.6003756243756244,0.0333232213763484,0.6047781758060072,0.5032967032967034,0.6974545454545454,0.5462004816827348,0.602805880229654,"[0.575714, 0.665055, 0.625055, 0.690879, 0.596071]","[0.01, 0.001, 0.01, 0.01, 0.001]",1.0
OLD,classical,A_RAW,logreg,0.6219559999119117,0.6091039221299742,0.6121593291404612,0.5428571428571428,0.6753507014028056,0.5717592592592593,0.6039119804400978,337,162,208,247,0.6248202908202909,0.0417503900533303,0.6091255411255412,0.0263108916563659,0.6121576191788372,0.5428571428571429,0.6753939393939394,0.5716445884152292,0.6073565701438042,"[0.568022, 0.668242, 0.634615, 0.656264, 0.596959]","[1, 0.01, 0.01, 0.01, 0.01]",1.0
M1,slow5,B_SUBJ_JOINT_MINMAX,linsvm,0.6290867449184082,0.590552533638706,0.5953878406708596,0.4857142857142857,0.6953907815631263,0.533816425120773,0.5924932975871313,347,152,234,221,0.640008658008658,0.0294205580874433,0.5905238095238096,0.031992239181035,0.5953981813171672,0.4857142857142856,0.6953333333333334,0.532614867849991,0.5994904495816298,"[0.599341, 0.659011, 0.634505, 0.676484, 0.630703]","[0.1, 0.01, 0.01, 0.01, 0.1]",1.5
M1,classical,B_SUBJ_JOINT_MINMAX,linsvm,0.6483340306987602,0.6219031469532472,0.6247379454926625,0.5604395604395604,0.6833667334669339,0.5875576036866359,0.6174334140435835,341,158,200,255,0.6488225108225107,0.0140608000833814,0.6218965478965479,0.0193198852471857,0.6247395976853127,0.5604395604395604,0.6833535353535354,0.5873572990827326,0.6202472546068133,"[0.636813, 0.671209, 0.653846, 0.64022, 0.642025]","[0.1, 0.1, 0.1, 0.1, 0.1]",0.4
M2,slow5,B_SUBJ_JOINT_MINMAX,linsvm,0.6318218855293004,0.6131119381620384,0.6163522012578616,0.5428571428571428,0.6833667334669339,0.5744186046511628,0.6098765432098765,341,158,208,247,0.6335153735153736,0.0320888235502972,0.6130750360750362,0.0364182541495592,0.6163075227335353,0.5428571428571429,0.6832929292929293,0.574595025694399,0.6131461271390918,"[0.629011, 0.675495, 0.653516, 0.616703, 0.592852]","[0.1, 0.1, 0.1, 0.1, 0.1]",0.4
M2,classical,B_SUBJ_JOINT_MINMAX,linsvm,0.6113898125922174,0.5869651390693476,0.5922431865828093,0.4725274725274725,0.7014028056112225,0.525030525030525,0.5906593406593407,350,149,240,215,0.6142373182373182,0.0270705050504794,0.5868798978798979,0.0381417114032699,0.5921741526591348,0.4725274725274725,0.7012323232323233,0.5248154810267771,0.594173637009147,"[0.613846, 0.641319, 0.624396, 0.622418, 0.569209]","[0.1, 0.1, 0.01, 0.1, 0.1]",0.4
OLD,slow5,B_SUBJ_JOINT_MINMAX,linsvm,0.6255852364068797,0.5964984914884714,0.59958071278826,0.5296703296703297,0.6633266533066132,0.5578703703703703,0.589242053789731,331,168,214,241,0.6236290376290377,0.0376022127295478,0.5964614274614275,0.0241983293808487,0.5995480848718655,0.5296703296703297,0.6632525252525252,0.557293336208644,0.5894685790377862,"[0.565495, 0.666374, 0.615714, 0.642857, 0.627706]","[0.1, 0.1, 0.1, 0.1, 0.1]",0.4
OLD,classical,B_SUBJ_JOINT_MINMAX,linsvm,0.6117377612367592,0.5931048911008832,0.5964360587002097,0.5208791208791209,0.6653306613226453,0.5518044237485448,0.5866336633663366,332,167,218,237,0.6154214674214674,0.035155516283618,0.5931163281163281,0.0334706865619362,0.5964563240562138,0.5208791208791208,0.6653535353535354,0.5521643648154039,0.5912847578943248,"[0.572747, 0.662857, 0.592308, 0.615385, 0.633811]","[100, 0.1, 0.1, 100, 1]",0.4
M1,slow5,B_SUBJ_JOINT_MINMAX,logreg,0.6309410028848907,0.5956264176705058,0.59958071278826,0.5098901098901099,0.6813627254509018,0.5484633569739953,0.5933503836317136,340,159,223,232,0.6396312576312576,0.0291610451426175,0.5956016206016206,0.0334773163796193,0.5995921741526591,0.5098901098901099,0.6813131313131313,0.5475291421513645,0.5995112249210651,"[0.597143, 0.668571, 0.638681, 0.664945, 0.628816]","[1, 1, 0.1, 0.1, 1]",1.6
M1,classical,B_SUBJ_JOINT_MINMAX,logreg,0.6478407364178908,0.6210949371270013,0.6236897274633124,0.5648351648351648,0.6773547094188377,0.588774341351661,0.6148325358851675,338,161,198,257,0.6478326118326119,0.0164997179311584,0.621074148074148,0.0146591666513077,0.6236814549462661,0.5648351648351648,0.6773131313131314,0.5885914058480342,0.6168503650117436,"[0.634176, 0.673516, 0.654615, 0.635275, 0.641581]","[1, 1, 1, 1, 1]",0.5
M2,slow5,B_SUBJ_JOINT_MINMAX,logreg,0.6304741350833535,0.6083926093946135,0.6111111111111112,0.5494505494505495,0.6673346693386774,0.574052812858783,0.6009615384615384,333,166,205,250,0.6321904761904762,0.0332373270237987,0.6083616383616384,0.0297781936846568,0.6110884541195922,0.5494505494505495,0.6672727272727272,0.5742781792442593,0.6047931851785806,"[0.627692, 0.674396, 0.654615, 0.614505, 0.589744]","[1, 1, 1, 1, 1]",0.4
M2,classical,B_SUBJ_JOINT_MINMAX,logreg,0.609720539981061,0.5873527274328878,0.5922431865828093,0.4813186813186813,0.6933867735470942,0.5296251511487303,0.5887096774193549,346,153,236,219,0.6126031746031746,0.0283982814836442,0.5872654012654012,0.0374670416613673,0.5921741526591348,0.4813186813186813,0.6932121212121213,0.5294688162621812,0.5918773546854574,"[0.610549, 0.638681, 0.628462, 0.62, 0.565324]","[1, 1, 0.1, 1, 1]",0.5
OLD,slow5,B_SUBJ_JOINT_MINMAX,logreg,0.6243035521592635,0.5959809729348807,0.5985324947589099,0.5406593406593406,0.6513026052104208,0.5622857142857143,0.5857142857142857,325,174,209,246,0.6224007104007103,0.0387912224204586,0.595955932955933,0.0203809532502755,0.598517497933315,0.5406593406593407,0.6512525252525253,0.5618521307263118,0.5858434303406799,"[0.561758, 0.665934, 0.614505, 0.640879, 0.628927]","[1, 1, 1, 1, 1]",0.5
OLD,classical,B_SUBJ_JOINT_MINMAX,logreg,0.603175581933097,0.5899050848950649,0.5932914046121593,0.5164835164835165,0.6633266533066132,0.5477855477855478,0.5831265508684863,331,168,220,235,0.6085017205017204,0.0349429774426392,0.5899488289488289,0.0283624106497854,0.5932984293193717,0.5164835164835165,0.6634141414141415,0.5479384142032839,0.5874752419610184,"[0.568132, 0.662857, 0.593736, 0.615275, 0.602509]","[1000, 1, 1, 1000, 1]",0.6
M1,slow5,C_SUBJ_BAND_MINMAX,linsvm,0.6333193860247969,0.5928472329273933,0.5974842767295597,0.4923076923076923,0.6933867735470942,0.5384615384615384,0.5941644562334217,346,153,231,224,0.644095682095682,0.0291923065374876,0.5928104118104118,0.0294862141130428,0.5974924221548636,0.4923076923076923,0.6933131313131314,0.5370736094893971,0.6016596002079766,"[0.604176, 0.663407, 0.643187, 0.679451, 0.630259]","[0.1, 0.01, 0.01, 0.01, 0.1]",1.5
M1,classical,C_SUBJ_BAND_MINMAX,linsvm,0.6388204981391354,0.6093946134026295,0.6121593291404612,0.5494505494505495,0.6693386773547094,0.5747126436781609,0.6024096385542169,334,165,205,250,0.6421212121212121,0.015340401376719,0.6093616383616384,0.0091534017822261,0.6121465968586388,0.5494505494505495,0.6692727272727272,0.5723189523706034,0.605532998884488,"[0.634945, 0.669121, 0.63967, 0.634835, 0.632035]","[0.1, 0.1, 0.01, 0.1, 0.1]",0.5
M2,slow5,C_SUBJ_BAND_MINMAX,linsvm,0.6320112752978485,0.6056134246515008,0.6090146750524109,0.5318681318681319,0.6793587174348698,0.5647607934655776,0.6019900497512438,339,160,213,242,0.6333610833610833,0.0338648626436095,0.6055704295704295,0.037012805581288,0.608972168641499,0.531868131868132,0.6792727272727273,0.5650348876342159,0.6063131313131314,"[0.623187, 0.678462, 0.655934, 0.616593, 0.59263]","[0.1, 0.1, 0.1, 0.1, 0.1]",0.5
M2,classical,C_SUBJ_BAND_MINMAX,linsvm,0.6134070338479156,0.5920390231011474,0.5964360587002097,0.4967032967032967,0.687374749498998,0.5400238948626045,0.5916230366492147,343,156,229,226,0.6161942501942501,0.0217776410792263,0.59196780996781,0.0299704510316043,0.596379167814825,0.4967032967032967,0.6872323232323232,0.5397744063286263,0.5939515460030166,"[0.61022, 0.632967, 0.626374, 0.630769, 0.580642]","[0.1, 0.1, 0.01, 0.1, 0.1]",0.5
OLD,slow5,C_SUBJ_BAND_MINMAX,linsvm,0.6243828315972605,0.6062917042876963,0.6090146750524109,0.5472527472527473,0.6653306613226453,0.5717566016073479,0.5985576923076923,332,167,206,249,0.6231100011100011,0.0378865418001238,0.6062728382728382,0.0203558840184201,0.608999724441995,0.5472527472527473,0.6652929292929293,0.5714468207113927,0.5991395497493059,"[0.566264, 0.666044, 0.614835, 0.647473, 0.620935]","[0.1, 0.1, 0.1, 0.1, 0.1]",0.4
OLD,classical,C_SUBJ_BAND_MINMAX,linsvm,0.6106498711709132,0.5894844634323593,0.5922431865828093,0.5296703296703297,0.6492985971943888,0.5533869115958668,0.5793269230769231,324,175,214,241,0.6162521922521923,0.0375092550069532,0.5895220335220335,0.0343250297878982,0.5922568200606227,0.5296703296703297,0.6493737373737374,0.5538851007779553,0.5826433508483883,"[0.561758, 0.667033, 0.61044, 0.621429, 0.620602]","[1000, 0.1, 0.1, 1, 0.1]",0.4
M1,slow5,C_SUBJ_BAND_MINMAX,logreg,0.6352617322557202,0.5965315245876368,0.60062893081761,0.5076923076923077,0.685370741482966,0.5480427046263345,0.595360824742268,342,157,224,231,0.6446415806415806,0.0304486006558457,0.5964926184926185,0.0347100493046142,0.6006337834114082,0.5076923076923077,0.6852929292929294,0.5472016256522052,0.6019822304296623,"[0.602088, 0.675385, 0.646374, 0.670879, 0.628483]","[1, 1, 0.1, 0.1, 1]",1.7
M1,classical,C_SUBJ_BAND_MINMAX,logreg,0.6373758506023035,0.603091898081878,0.6058700209643606,0.5428571428571428,0.6633266533066132,0.5678160919540229,0.5951807228915663,331,168,208,247,0.6402710622710622,0.0157151523451014,0.6030649350649351,0.0075881003148322,0.6058638743455498,0.5428571428571429,0.6632727272727272,0.5646738894662685,0.5979056343198659,"[0.633626, 0.667582, 0.639451, 0.630659, 0.630037]","[1, 1, 0.1, 1, 1]",0.5
M2,slow5,C_SUBJ_BAND_MINMAX,logreg,0.62580105265476,0.5998282278843401,0.6037735849056604,0.5142857142857142,0.685370741482966,0.5531914893617021,0.59846547314578,342,157,221,234,0.6296170496170496,0.0331402337111996,0.5997691197691198,0.0343086798380458,0.6037475888674566,0.5142857142857142,0.6852525252525253,0.553026179114084,0.6037465117379034,"[0.624066, 0.677802, 0.642308, 0.615165, 0.588745]","[1, 1, 0.1, 1, 1]",0.4
M2,classical,C_SUBJ_BAND_MINMAX,logreg,0.6121385628399656,0.5898412209033452,0.5943396226415094,0.4923076923076923,0.687374749498998,0.5365269461077844,0.5894736842105263,343,156,231,224,0.6153078033078032,0.0233147269065286,0.5897599067599067,0.031604304757923,0.5942794158170295,0.4923076923076923,0.6872121212121212,0.5366912675943791,0.5915292248403508,"[0.609011, 0.630769, 0.630659, 0.629121, 0.576979]","[0.1, 1, 0.1, 1, 1]",0.5
OLD,slow5,C_SUBJ_BAND_MINMAX,logreg,0.6232024488537515,0.6036732806271885,0.6058700209643606,0.5560439560439561,0.6513026052104208,0.5736961451247166,0.5925058548009368,325,174,202,253,0.6219012099012099,0.038189212950587,0.6036583416583416,0.0244276802554624,0.6058528520253514,0.5560439560439561,0.6512727272727272,0.5735578065314865,0.5931954666327451,"[0.563516, 0.664286, 0.614835, 0.645934, 0.620935]","[1, 1, 1, 1, 1]",0.5
OLD,classical,C_SUBJ_BAND_MINMAX,logreg,0.6123631879142901,0.5940738620097337,0.5964360587002097,0.5428571428571428,0.6452905811623246,0.5620022753128555,0.5825471698113207,322,177,208,247,0.6175790875790876,0.0382753074305779,0.59411544011544,0.03368301729804,0.5964563240562138,0.5428571428571428,0.6453737373737374,0.5622754533537934,0.5858111571274349,"[0.55978, 0.665275, 0.609341, 0.628791, 0.624709]","[1000, 1, 1, 1, 1]",0.6
M1,slow5,D_SUBJ_BAND_Z,linsvm,0.6522935981853818,0.5982448413310137,0.6027253668763103,0.5010989010989011,0.6953907815631263,0.5461077844311377,0.6,347,152,227,228,0.6534503274503275,0.0312811698365075,0.5982363192363193,0.0480163889079768,0.6027114907688068,0.5010989010989011,0.6953737373737374,0.5461166385738927,0.6036813535370602,"[0.608462, 0.671099, 0.661648, 0.688791, 0.637252]","[0.001, 0.001, 0.001, 0.001, 0.001]",1.7
M1,classical,D_SUBJ_BAND_Z,linsvm,0.6392301085687859,0.6065185315686318,0.610062893081761,0.5296703296703297,0.6833667334669339,0.5644028103044496,0.6040100250626567,341,158,214,241,0.6406162726162727,0.0175613757857265,0.6065321345321346,0.0073707137072127,0.6100633783411409,0.5296703296703297,0.6833939393939394,0.5614998907784214,0.6089561518406804,"[0.623077, 0.666264, 0.649011, 0.637912, 0.626818]","[0.01, 0.001, 0.001, 0.01, 0.001]",0.5
M2,slow5,D_SUBJ_BAND_Z,linsvm,0.6344645334625295,0.6055825937589464,0.6111111111111112,0.4857142857142857,0.7254509018036072,0.5436654366543665,0.61731843575419,362,137,234,221,0.6363949383949384,0.0315583958442126,0.6055541125541126,0.0207156860964907,0.6110774317993938,0.4857142857142857,0.7253939393939394,0.5435490780488018,0.6190013420523607,"[0.622967, 0.686374, 0.645495, 0.623077, 0.604063]","[0.001, 0.001, 0.001, 0.01, 0.001]",0.5
M2,classical,D_SUBJ_BAND_Z,linsvm,0.6254883393159947,0.5883877645400691,0.5943396226415094,0.4593406593406593,0.717434869739479,0.5192546583850932,0.5971428571428572,358,141,246,209,0.6259713619713619,0.025472298236111,0.5883571983571985,0.026161240578678,0.5942959492973271,0.4593406593406593,0.7173737373737374,0.5183722816355664,0.5966076510566458,"[0.61011, 0.652308, 0.634286, 0.643077, 0.590077]","[0.001, 0.001, 0.001, 0.001, 0.001]",0.5
OLD,slow5,D_SUBJ_BAND_Z,linsvm,0.6090466647580876,0.5722257702217622,0.5765199161425576,0.4791208791208791,0.6653306613226453,0.5190476190476191,0.5662337662337662,332,167,237,218,0.6118481518481518,0.0449660720186541,0.5722271062271063,0.0350112656130449,0.5764838798567098,0.4791208791208791,0.6653333333333332,0.5179324663067156,0.566206782660925,"[0.546703, 0.654396, 0.61033, 0.653407, 0.594406]","[0.01, 0.001, 0.01, 0.01, 0.001]",0.5
OLD,classical,D_SUBJ_BAND_Z,linsvm,0.6110594816005637,0.58537955030941,0.5880503144654088,0.5274725274725275,0.6432865731462926,0.5498281786941581,0.5741626794258373,321,178,215,240,0.6139857919857921,0.0341909259105465,0.5854231324231325,0.0211338171895787,0.5880683383852301,0.5274725274725275,0.6433737373737374,0.5499104285463051,0.5757870993742176,"[0.564176, 0.66, 0.618901, 0.618571, 0.608281]","[10, 0.01, 0.01, 1000, 0.01]",0.5
M1,slow5,D_SUBJ_BAND_Z,logreg,0.6545486577550707,0.6029311369992734,0.6069182389937107,0.5164835164835165,0.6893787575150301,0.5562130177514792,0.6025641025641025,344,155,220,235,0.6566395826395827,0.0315131706431721,0.602918525918526,0.0346795841451266,0.6069054836042986,0.5164835164835165,0.6893535353535354,0.5562267519061623,0.6075227951872689,"[0.611099, 0.682967, 0.665934, 0.684725, 0.638473]","[0.01, 0.01, 0.01, 0.01, 0.01]",1.7
M1,classical,D_SUBJ_BAND_Z,logreg,0.6526415468299236,0.6260410931753617,0.629979035639413,0.5406593406593406,0.7114228456913828,0.5822485207100592,0.6307692307692307,355,144,209,246,0.6521860361860361,0.0143333443315628,0.626046842046842,0.005256727483772,0.6299807109396527,0.5406593406593407,0.7114343434343434,0.5811790354800156,0.6334724828166419,"[0.646044, 0.66978, 0.655604, 0.658022, 0.63148]","[0.01, 0.01, 0.01, 0.01, 0.01]",0.5
M2,slow5,D_SUBJ_BAND_Z,logreg,0.6342134819088727,0.6099451650553855,0.6142557651991615,0.5164835164835165,0.7034068136272545,0.5608591885441527,0.6135770234986945,351,148,220,235,0.6376674436674437,0.033953365553184,0.6099387279387279,0.021701004966487,0.6142463488564343,0.5164835164835164,0.7033939393939395,0.5609861840989192,0.6158347360939662,"[0.623736, 0.69, 0.651099, 0.620549, 0.602953]","[0.01, 0.01, 0.01, 0.1, 0.01]",0.5
M2,classical,D_SUBJ_BAND_Z,logreg,0.6199740139619899,0.5853487194168557,0.590146750524109,0.4813186813186813,0.6893787575150301,0.5283474065138721,0.5855614973262032,344,155,236,219,0.6216141636141636,0.0244059657334042,0.5853361083361083,0.0315285716453988,0.5900964453017361,0.4813186813186813,0.6893535353535354,0.5273768380149572,0.585511986952477,"[0.615495, 0.653077, 0.634396, 0.617802, 0.587302]","[0.01, 0.01, 0.01, 0.1, 0.01]",0.5
OLD,slow5,D_SUBJ_BAND_Z,logreg,0.6114955185095466,0.5908101918121957,0.5943396226415094,0.5142857142857142,0.6673346693386774,0.5473684210526316,0.585,333,166,221,234,0.6176465756465757,0.0450169361608097,0.5908297258297258,0.0221705193466352,0.5943235050978232,0.5142857142857142,0.6673737373737374,0.5468656798533102,0.5857908426965639,"[0.551319, 0.669121, 0.617363, 0.646923, 0.603508]","[0.1, 0.01, 0.1, 0.1, 0.01]",0.6
OLD,classical,D_SUBJ_BAND_Z,logreg,0.6169657997313307,0.5928780638199476,0.5953878406708596,0.5384615384615384,0.6472945891783567,0.5593607305936074,0.5819477434679335,323,176,210,245,0.6207579087579087,0.0393573163024464,0.592927738927739,0.0251777926451601,0.595420225957564,0.5384615384615385,0.6473939393939394,0.5594816461140442,0.5833498864357546,"[0.559341, 0.667802, 0.620659, 0.635275, 0.620713]","[10, 0.1, 0.1, 0.1, 0.1]",0.6
M1,slow5,F_TRAINFOLD_BAND_Z,linsvm,0.6442159043361447,0.5925895747539034,0.5985324947589099,0.4637362637362637,0.7214428857715431,0.5242236024844721,0.6028571428571429,360,139,244,211,0.6506568986568986,0.0281564925382312,0.5926055056055056,0.0275758711721382,0.598517497933315,0.4637362637362637,0.7214747474747475,0.5224105264351998,0.6122250719490083,"[0.610549, 0.652088, 0.653626, 0.68989, 0.647131]","[0.01, 0.001, 0.001, 0.001, 0.001]",1.7
M1,classical,F_TRAINFOLD_BAND_Z,linsvm,0.641049131229492,0.605001211213636,0.6111111111111112,0.4725274725274725,0.7374749498997996,0.5368289637952559,0.6213872832369942,368,131,240,215,0.6456743256743256,0.0088269610626509,0.6050314130314131,0.0191602629741796,0.6110884541195921,0.4725274725274725,0.7375353535353536,0.5335263789807888,0.6272689337204779,"[0.632637, 0.654725, 0.64967, 0.640989, 0.65035]","[0.01, 0.001, 0.001, 0.01, 0.001]",0.5
M2,slow5,F_TRAINFOLD_BAND_Z,linsvm,0.6454931841705389,0.600184985355326,0.6058700209643606,0.4769230769230769,0.7234468937875751,0.5358024691358024,0.6112676056338028,361,138,238,217,0.6464171384171384,0.0277590950487703,0.6001585081585082,0.0158413604908937,0.605841829705153,0.476923076923077,0.7233939393939395,0.5356934563150733,0.6118691581226792,"[0.64044, 0.676923, 0.664615, 0.645934, 0.604174]","[0.01, 0.01, 0.01, 0.01, 0.01]",0.5
M2,classical,F_TRAINFOLD_BAND_Z,linsvm,0.6190667048382479,0.5946266158691008,0.6016771488469602,0.4417582417582417,0.7474949899799599,0.5140664961636828,0.6146788990825688,373,126,254,201,0.6226651126651126,0.0298912026614453,0.5945558885558885,0.0449898302431534,0.6016037475888674,0.4417582417582418,0.7473535353535354,0.5128131678660308,0.6173714725967211,"[0.612857, 0.64, 0.641319, 0.644835, 0.574315]","[0.01, 0.01, 0.001, 0.01, 0.01]",0.6
OLD,slow5,F_TRAINFOLD_BAND_Z,linsvm,0.6215640071351494,0.5886784558127244,0.5943396226415094,0.4659340659340659,0.7114228456913828,0.5228113440197287,0.5955056179775281,355,144,243,212,0.6229084249084249,0.0523084336246091,0.5887246087246087,0.0468589714378927,0.5942904381372278,0.4659340659340659,0.7115151515151515,0.5195559473255393,0.5950175358225529,"[0.56022, 0.659121, 0.62033, 0.688791, 0.586081]","[0.01, 0.001, 0.01, 0.01, 0.001]",0.6
OLD,classical,F_TRAINFOLD_BAND_Z,linsvm,0.6104869078816975,0.5759430949811711,0.5807127882599581,0.4725274725274725,0.6793587174348698,0.5180722891566265,0.5733333333333334,339,160,240,215,0.6099555999555999,0.0364552653920832,0.576031413031413,0.0433241635226446,0.5806503168917058,0.4725274725274725,0.6795353535353535,0.5105434305563782,0.5706288448393713,"[0.572527, 0.652308, 0.621978, 0.631758, 0.571207]","[10, 0.01, 0.01, 1, 0.001]",0.6
M1,slow5,F_TRAINFOLD_BAND_Z,logreg,0.65287057631747,0.6066814948578475,0.6121593291404612,0.4879120879120879,0.7254509018036072,0.5454545454545454,0.6183844011142061,362,137,233,222,0.6543127983127983,0.024310709267793,0.6066732156732157,0.0241803062511243,0.6121576191788372,0.4879120879120878,0.7254343434343433,0.5445906083723651,0.6199147573026961,"[0.621429, 0.657253, 0.652198, 0.68978, 0.650905]","[0.01, 0.01, 0.01, 0.01, 0.01]",1.7
M1,classical,F_TRAINFOLD_BAND_Z,logreg,0.6456649562861988,0.6113677905261072,0.6163522012578616,0.5032967032967033,0.7194388777555111,0.5558252427184466,0.6205962059620597,359,140,226,229,0.6503933843933843,0.0094231624511558,0.6113958263958263,0.0182493714513238,0.6163405896941305,0.5032967032967034,0.7194949494949495,0.5542779940477588,0.6271069505017179,"[0.641758, 0.662637, 0.646044, 0.643297, 0.658231]","[0.1, 0.01, 0.01, 0.1, 0.01]",0.6
M2,slow5,F_TRAINFOLD_BAND_Z,logreg,0.6440969851791496,0.603351758461979,0.6079664570230608,0.5032967032967033,0.7034068136272545,0.5504807692307693,0.6074270557029178,351,148,226,229,0.6453033633033632,0.0259250705857576,0.6033352203352204,0.0170094095438515,0.6079360705428493,0.5032967032967033,0.7033737373737374,0.5501866630277024,0.6078605099002838,"[0.64022, 0.676374, 0.661538, 0.640659, 0.607726]","[0.1, 0.1, 0.1, 0.1, 0.1]",0.6
M2,classical,F_TRAINFOLD_BAND_Z,logreg,0.6175295646237531,0.591103085291462,0.5974842767295597,0.4527472527472527,0.7294589178356713,0.5175879396984925,0.6041055718475073,364,135,249,206,0.6215642135642135,0.0296913838214604,0.59100999000999,0.0436447362134166,0.5974097547533755,0.4527472527472527,0.7292727272727272,0.5164286418267185,0.6091151495898675,"[0.612198, 0.639231, 0.642088, 0.640989, 0.573316]","[0.1, 0.1, 0.01, 0.1, 0.1]",0.6
OLD,slow5,F_TRAINFOLD_BAND_Z,logreg,0.6290206787200776,0.5994406395207998,0.6037735849056604,0.5054945054945055,0.6933867735470942,0.548926014319809,0.6005221932114883,346,153,225,230,0.6305794205794205,0.0487317453945433,0.5994846264846265,0.0348458626674316,0.6037365665472583,0.5054945054945056,0.6934747474747475,0.5469213749855009,0.6022393331793658,"[0.572198, 0.669011, 0.624725, 0.68956, 0.597403]","[0.1, 0.01, 0.1, 0.1, 0.01]",0.6
OLD,classical,F_TRAINFOLD_BAND_Z,logreg,0.6220264705234645,0.5924266114646877,0.5964360587002097,0.5054945054945055,0.6793587174348698,0.5443786982248521,0.5897435897435898,339,160,225,230,0.6229381729381729,0.039264254185369,0.5924947274947275,0.0347421109185865,0.5963957012951226,0.5054945054945056,0.6794949494949495,0.540932181044383,0.5915771947350895,"[0.573187, 0.663626, 0.638242, 0.64967, 0.589966]","[1, 0.1, 0.1, 0.1, 0.01]",0.7
M1,slow4,A_RAW,linsvm,0.6260344865555286,0.6012178202558964,0.6048218029350105,0.5230769230769231,0.6793587174348698,0.5580304806565064,0.5979899497487438,339,160,217,238,0.6243911643911644,0.0147229833393663,0.6012051282051283,0.0172132596412657,0.6048112427666024,0.523076923076923,0.6793333333333333,0.5570388134187877,0.6007149411309023,"[0.641319, 0.633187, 0.621319, 0.623956, 0.602176]","[0.001, 0.001, 0.001, 0.001, 0.001]",1.7
M1,all3,A_RAW,linsvm,0.6413089916095929,0.6061948071968112,0.6090146750524109,0.545054945054945,0.6673346693386774,0.570771001150748,0.5990338164251208,333,166,207,248,0.6410993450993451,0.0260801335986165,0.6061638361638362,0.0214360518602882,0.6089942132818958,0.5450549450549451,0.6672727272727272,0.5708317014221931,0.6024930378086764,"[0.615934, 0.638901, 0.663297, 0.671758, 0.615607]","[0.001, 0.001, 0.001, 0.001, 0.001]",32.7
M2,slow4,A_RAW,linsvm,0.5944063952079984,0.5575524675725076,0.5628930817610063,0.4417582417582417,0.6733466933867736,0.4908424908424908,0.5521978021978022,336,163,254,201,0.5934474414474414,0.0359367837996207,0.5575255855255856,0.0356192492986688,0.5628602920914854,0.4417582417582418,0.6732929292929293,0.490946517770049,0.5532791391323255,"[0.589451, 0.613187, 0.594725, 0.632967, 0.536908]","[0.001, 0.001, 0.001, 0.001, 0.001]",0.6
M2,all3,A_RAW,linsvm,0.6100464665594926,0.5880948710608029,0.5911949685534591,0.5208791208791209,0.655310621242485,0.5486111111111112,0.5794621026894865,327,172,218,237,0.6103387723387723,0.0338538786371528,0.588025419025419,0.0278064932083566,0.5911600992008818,0.5208791208791208,0.6551717171717172,0.5485649200458094,0.5803862793746586,"[0.611099, 0.627473, 0.615824, 0.643297, 0.554002]","[0.001, 0.001, 0.001, 0.001, 0.001]",77.6
OLD,slow4,A_RAW,linsvm,0.6153493800788391,0.5827302957563478,0.5870020964360587,0.4901098901098901,0.6753507014028056,0.530952380952381,0.5792207792207792,337,162,232,223,0.6139269619269621,0.0297286577149728,0.5827418137418138,0.0195409560025471,0.5869771286855883,0.49010989010989,0.6753737373737374,0.5295064569864936,0.5805874011046426,"[0.607802, 0.648022, 0.617912, 0.628022, 0.567877]","[0.001, 0.001, 0.001, 0.001, 0.001]",0.5
OLD,all3,A_RAW,linsvm,0.6356228941399282,0.6012816842476161,0.6037735849056604,0.5472527472527473,0.655310621242485,0.5684931506849316,0.5914489311163895,327,172,206,249,0.6346231546231547,0.0400746647602417,0.6012425352425351,0.0445238363032026,0.6037475888674566,0.5472527472527473,0.6552323232323232,0.5679435160755162,0.5930747953298832,"[0.581648, 0.659341, 0.641648, 0.682198, 0.608281]","[0.001, 0.001, 0.001, 0.001, 0.001]",16.0
M1,slow4,A_RAW,logreg,0.6200929331189853,0.5915237067541677,0.5985324947589099,0.4395604395604395,0.7434869739478958,0.5108556832694764,0.6097560975609756,371,128,255,200,0.6221500721500721,0.0118184962465479,0.5914468864468864,0.0127677288599098,0.5985230090934142,0.4395604395604396,0.7433333333333333,0.5087381106575645,0.6113342907677222,"[0.634066, 0.627363, 0.622857, 0.623956, 0.602509]","[0.001, 0.001, 0.001, 0.001, 0.01]",2.0
M1,all3,A_RAW,logreg,0.6534651721024467,0.601638441718602,0.6058700209643606,0.5098901098901099,0.6933867735470942,0.5523809523809524,0.6025974025974026,346,153,223,232,0.6534749694749695,0.0176520835269232,0.6016319236319237,0.0319877533906614,0.6058418297051529,0.50989010989011,0.6933737373737373,0.5514752196322104,0.6062722697045795,"[0.635165, 0.661538, 0.653626, 0.678462, 0.638584]","[0.001, 0.001, 0.001, 0.001, 0.001]",13.6
M2,slow4,A_RAW,logreg,0.6139443722610056,0.58383139906186,0.5911949685534591,0.4241758241758241,0.7434869739478958,0.4974226804123711,0.6012461059190031,371,128,262,193,0.6141187701187701,0.0319666432667408,0.5838050838050837,0.0403668337320301,0.5911325434003858,0.4241758241758241,0.7434343434343434,0.4965664884224047,0.6006414249460736,"[0.599341, 0.632637, 0.631099, 0.642637, 0.56488]","[0.001, 0.001, 0.001, 0.001, 0.001]",2.1
M2,all3,A_RAW,logreg,0.6298707304719329,0.5927833689356736,0.5985324947589099,0.4681318681318681,0.717434869739479,0.5265760197775031,0.6016949152542372,358,141,242,213,0.6295164835164836,0.0298741068989804,0.5927629037629037,0.0360480877116792,0.5984954532929182,0.4681318681318681,0.7173939393939394,0.5256901092570891,0.6003993104830714,"[0.622527, 0.656923, 0.632967, 0.652747, 0.582418]","[0.001, 0.001, 0.001, 0.001, 0.001]",18.5
OLD,slow4,A_RAW,logreg,0.6134863132859125,0.5802418022858905,0.5849056603773585,0.4791208791208791,0.6813627254509018,0.5240384615384616,0.5782493368700266,340,159,237,218,0.6128169608169609,0.0313082391096427,0.5802473082473082,0.0281605711095715,0.5848608432074952,0.4791208791208791,0.6813737373737373,0.522063899599872,0.5781659475960954,"[0.608132, 0.645604, 0.620549, 0.627473, 0.562327]","[0.01, 0.01, 0.01, 0.01, 0.01]",0.9
OLD,all3,A_RAW,logreg,0.6251007509524544,0.5850580281442005,0.590146750524109,0.4747252747252747,0.6953907815631263,0.5249088699878494,0.5869565217391305,347,152,239,216,0.6307441447441446,0.0458587136506641,0.5851000111000111,0.027702582932798,0.5901240011022321,0.4747252747252747,0.6954747474747476,0.5231588812744761,0.5905286561948326,"[0.578462, 0.677363, 0.630659, 0.675385, 0.591853]","[0.01, 0.001, 0.001, 0.001, 0.001]",12.8
M1,slow4,B_SUBJ_JOINT_MINMAX,linsvm,0.6039243321808452,0.5725825276927481,0.5786163522012578,0.4417582417582417,0.7034068136272545,0.5,0.5759312320916905,351,148,254,201,0.6094296814296815,0.0175227764910545,0.5725255855255856,0.0234255251989108,0.5786111876550013,0.4417582417582418,0.7032929292929293,0.4967302309371216,0.5788237034684489,"[0.60989, 0.630989, 0.616813, 0.606484, 0.582973]","[0.01, 0.01, 0.1, 0.1, 0.1]",1.5
M1,all3,B_SUBJ_JOINT_MINMAX,linsvm,0.6463432359223942,0.5982448413310137,0.6027253668763103,0.5010989010989011,0.6953907815631263,0.5461077844311377,0.6,347,152,227,228,0.6475870795870795,0.0182420470768359,0.5982666222666222,0.031599504672239,0.6027445577294019,0.5010989010989011,0.6954343434343434,0.544320245512564,0.6023492990936319,"[0.625055, 0.662088, 0.640989, 0.67011, 0.639694]","[0.01, 0.01, 0.01, 0.01, 0.01]",4.3
M2,slow4,B_SUBJ_JOINT_MINMAX,linsvm,0.5949393292078663,0.5841859543262349,0.590146750524109,0.4549450549450549,0.7134268537074149,0.5142857142857142,0.5914285714285714,356,143,248,207,0.5996161616161616,0.0333259054542994,0.5841189921189922,0.0322911671797572,0.5900909341416367,0.4549450549450549,0.7132929292929293,0.513983289123679,0.5939985718306872,"[0.592418, 0.623626, 0.615714, 0.621978, 0.544345]","[0.1, 0.01, 0.01, 0.1, 0.1]",0.4
M2,all3,B_SUBJ_JOINT_MINMAX,linsvm,0.6220000440441322,0.5857693408795613,0.5911949685534591,0.4681318681318681,0.7034068136272545,0.5220588235294118,0.590027700831025,351,148,242,213,0.6241638361638362,0.0255676174129812,0.5857629037629037,0.0302342043012378,0.5911435657205841,0.4681318681318681,0.7033939393939393,0.5206533614029937,0.589330254224191,"[0.615824, 0.655824, 0.638022, 0.623736, 0.587413]","[0.01, 0.01, 0.01, 0.1, 0.01]",6.7
OLD,slow4,B_SUBJ_JOINT_MINMAX,linsvm,0.5858221938382259,0.5681847210905326,0.5712788259958071,0.5010989010989011,0.6352705410821643,0.5271676300578034,0.5560975609756098,317,182,227,228,0.5877580197580197,0.0297954354051325,0.5681959151959152,0.0320935628473173,0.571248277762469,0.5010989010989011,0.6352929292929292,0.5255118215118215,0.557942282942283,"[0.577582, 0.631978, 0.591758, 0.588132, 0.54934]","[1000, 0.1, 1, 10, 0.1]",0.4
OLD,all3,B_SUBJ_JOINT_MINMAX,linsvm,0.6242595080270431,0.6075205355766478,0.6111111111111112,0.5296703296703297,0.685370741482966,0.5650644783118406,0.6055276381909548,342,157,214,241,0.6275255855255855,0.0276535712843136,0.6075018315018315,0.015699734760947,0.611110498759989,0.5296703296703296,0.6853333333333332,0.5646577508398632,0.6083840174428248,"[0.58956, 0.662527, 0.620989, 0.644615, 0.619936]","[0.1, 0.01, 0.1, 0.1, 0.1]",4.4
M1,slow4,B_SUBJ_JOINT_MINMAX,logreg,0.6122222466911846,0.5857032746812305,0.589098532494759,0.512087912087912,0.6593186372745491,0.5431235431235432,0.5781637717121588,329,170,222,233,0.6103498723498724,0.0186655703644853,0.5856904206904208,0.0203049712140232,0.589082391843483,0.5120879120879122,0.6592929292929293,0.5425017048808229,0.5800934107133885,"[0.62011, 0.628901, 0.618462, 0.602747, 0.58153]","[1, 1, 1, 1, 1]",1.7
M1,all3,B_SUBJ_JOINT_MINMAX,logreg,0.6444317205840252,0.6018322359003722,0.6058700209643606,0.5142857142857142,0.6893787575150301,0.5545023696682464,0.6015424164524421,344,155,221,234,0.6453255633255633,0.0163270366710834,0.6018499278499279,0.0187003898130971,0.6058914301460457,0.5142857142857142,0.6894141414141415,0.5528480290708406,0.6039929507562752,"[0.621538, 0.663297, 0.643297, 0.657692, 0.640804]","[0.1, 0.1, 0.1, 0.1, 0.1]",2.3
M2,slow4,B_SUBJ_JOINT_MINMAX,logreg,0.5940496377370126,0.585187958334251,0.5911949685534591,0.4549450549450549,0.7154308617234469,0.5149253731343284,0.5931232091690545,357,142,248,207,0.5985729825729826,0.0360868831234909,0.585088689088689,0.0335277848338846,0.5911325434003858,0.4549450549450549,0.7152323232323232,0.514862547234342,0.5966803285654609,"[0.588901, 0.623297, 0.619451, 0.621978, 0.539239]","[0.1, 0.1, 0.1, 1, 1]",0.5
M2,all3,B_SUBJ_JOINT_MINMAX,logreg,0.6199696095487679,0.5809531150212512,0.5859538784067087,0.4725274725274725,0.6893787575150301,0.5212121212121212,0.581081081081081,344,155,240,215,0.6216239316239316,0.0266425474142226,0.580940503940504,0.0256993024390335,0.5859079636263435,0.4725274725274725,0.6893535353535354,0.5198558454695318,0.5806114672675841,"[0.617033, 0.652857, 0.636044, 0.620989, 0.581197]","[0.1, 0.1, 0.1, 1, 0.1]",2.9
OLD,slow4,B_SUBJ_JOINT_MINMAX,logreg,0.5806910524345393,0.5598779977537492,0.5628930817610063,0.4945054945054945,0.625250501002004,0.5190311418685121,0.5461165048543689,312,187,230,225,0.5843068043068043,0.0296907111956792,0.559889110889111,0.0292742250114278,0.5628713144116837,0.4945054945054945,0.6252727272727273,0.5167863864019017,0.5472811526557557,"[0.577143, 0.631319, 0.58, 0.584066, 0.549007]","[1000, 1, 1, 1000, 1]",0.6
OLD,all3,B_SUBJ_JOINT_MINMAX,logreg,0.6228192649034332,0.6034156224536986,0.6069182389937107,0.5274725274725275,0.6793587174348698,0.5614035087719298,0.6,339,160,215,240,0.6265592185592186,0.0304152597701038,0.6033928293928293,0.0201040022711133,0.6069165059244971,0.5274725274725274,0.6793131313131313,0.5610476735005037,0.6023078323342699,"[0.584945, 0.666923, 0.618681, 0.641978, 0.620269]","[1, 0.1, 1, 1, 1]",2.6
M1,slow4,C_SUBJ_BAND_MINMAX,linsvm,0.6138518795833425,0.5848003699707106,0.5911949685534591,0.4461538461538462,0.7234468937875751,0.5100502512562815,0.5953079178885631,361,138,252,203,0.6135546675546675,0.0154963800456777,0.5847839937839938,0.0249791375062746,0.5911656103609809,0.4461538461538462,0.7234141414141414,0.5080635278235738,0.5939559030976534,"[0.624286, 0.615714, 0.607253, 0.63, 0.590521]","[0.01, 0.01, 0.01, 0.01, 0.01]",1.8
M1,all3,C_SUBJ_BAND_MINMAX,linsvm,0.6467264198727124,0.6129181439802682,0.6163522012578616,0.5384615384615384,0.687374749498998,0.572429906542056,0.6109725685785536,343,156,210,245,0.6471466311466312,0.0142682641607677,0.612897435897436,0.0228377203922659,0.6163405896941306,0.5384615384615385,0.6873333333333332,0.572070048009991,0.6136646137977799,"[0.635604, 0.654066, 0.659231, 0.658571, 0.628261]","[0.01, 0.01, 0.01, 0.01, 0.01]",4.0
M2,slow4,C_SUBJ_BAND_MINMAX,linsvm,0.5997841837521196,0.5837983659626946,0.590146750524109,0.4461538461538462,0.7214428857715431,0.5094102885821832,0.5935672514619883,360,139,252,203,0.604904428904429,0.0330495695159729,0.5837031857031857,0.0322793651398568,0.5900854229815375,0.4461538461538462,0.7212525252525251,0.5098077039432181,0.5966001213847887,"[0.599121, 0.623297, 0.614176, 0.636813, 0.551116]","[0.01, 0.01, 0.01, 0.01, 0.1]",0.5
M2,all3,C_SUBJ_BAND_MINMAX,linsvm,0.6251139641921206,0.6001519522561607,0.6048218029350105,0.4989010989010989,0.7014028056112225,0.54632972322503,0.6037234042553191,350,149,228,227,0.6264300144300143,0.0244830523396098,0.6001475191475192,0.0233867845743788,0.6047836869661064,0.4989010989010988,0.7013939393939393,0.5454901557663393,0.6041008285712979,"[0.61978, 0.652637, 0.641538, 0.62956, 0.588634]","[0.01, 0.01, 0.01, 0.1, 0.01]",6.8
OLD,slow4,C_SUBJ_BAND_MINMAX,linsvm,0.5999823823471118,0.584377546301394,0.5870020964360587,0.5274725274725275,0.6412825651302605,0.5491990846681922,0.5727923627684964,320,179,215,240,0.6021114441114441,0.0289234605688622,0.5843322233322232,0.0291331369057916,0.5869605952052906,0.5274725274725275,0.6411919191919192,0.5482567090635312,0.5743606801695037,"[0.589451, 0.646593, 0.588681, 0.613626, 0.572206]","[1, 0.1, 0.1, 0.1, 0.1]",0.5
OLD,all3,C_SUBJ_BAND_MINMAX,linsvm,0.6213702129533792,0.6047413508335352,0.6090146750524109,0.512087912087912,0.6973947895791583,0.5554231227651967,0.6067708333333334,348,151,222,233,0.6260839160839161,0.0251098796767165,0.6047106227106227,0.0261559828187044,0.6090327914025903,0.5120879120879122,0.6973333333333332,0.5539601267430132,0.6084199888590426,"[0.59011, 0.649451, 0.616264, 0.65022, 0.624376]","[0.1, 0.01, 0.01, 0.01, 0.1]",4.3
M1,slow4,C_SUBJ_BAND_MINMAX,logreg,0.6127243497984982,0.5855755466977912,0.5911949685534591,0.4637362637362637,0.7074148296593187,0.5197044334975369,0.5910364145658263,353,146,244,211,0.6127570207570207,0.0165784751795234,0.5855651015651017,0.0252218720641144,0.5911656103609809,0.4637362637362637,0.7073939393939395,0.5178793310088102,0.5904313725490196,"[0.627143, 0.613846, 0.607912, 0.627582, 0.587302]","[0.1, 0.1, 0.1, 0.1, 0.1]",1.6
M1,all3,C_SUBJ_BAND_MINMAX,logreg,0.6446211103525733,0.6099121319562202,0.6132075471698113,0.5384615384615384,0.6813627254509018,0.570430733410943,0.6064356435643564,340,159,210,245,0.6451830391830391,0.0152255769035078,0.6098974358974358,0.0211165592761184,0.6131992284375861,0.5384615384615385,0.6813333333333333,0.5699119246788349,0.6090035202035029,"[0.633846, 0.654945, 0.66, 0.652637, 0.624487]","[0.1, 0.1, 0.1, 0.1, 0.1]",2.3
M2,slow4,C_SUBJ_BAND_MINMAX,logreg,0.5994802792397983,0.5839921601444648,0.590146750524109,0.4505494505494505,0.717434869739479,0.5118601747815231,0.5924855491329479,358,141,250,205,0.604857364857365,0.033369187886921,0.5838908868908869,0.0352872017625757,0.5900799118214384,0.4505494505494505,0.7172323232323233,0.5123285144757538,0.595799036644107,"[0.600769, 0.621978, 0.616154, 0.635824, 0.549562]","[0.1, 0.1, 0.1, 0.1, 1]",0.5
M2,all3,C_SUBJ_BAND_MINMAX,logreg,0.6239688167543879,0.5977273227774229,0.6016771488469602,0.512087912087912,0.6833667334669339,0.5508274231678487,0.5959079283887468,341,158,222,233,0.623036963036963,0.0229734317221274,0.5977308247308247,0.0282892266403375,0.6016368145494626,0.512087912087912,0.6833737373737374,0.5499505234162607,0.5953080352449966,"[0.621648, 0.63978, 0.64044, 0.628901, 0.584416]","[0.1, 1, 0.1, 1, 0.1]",3.1
OLD,slow4,C_SUBJ_BAND_MINMAX,logreg,0.5991895879671432,0.5802726331784448,0.5828092243186582,0.5252747252747253,0.6352705410821643,0.545662100456621,0.5676959619952494,317,182,216,239,0.6013257853257853,0.0288413356555956,0.5802333222333222,0.0287935518619713,0.582772113529898,0.5252747252747253,0.6351919191919192,0.5446154017201781,0.5688678239742555,"[0.583736, 0.646154, 0.588352, 0.613407, 0.574981]","[100, 1, 1, 1, 1]",0.5
OLD,all3,C_SUBJ_BAND_MINMAX,logreg,0.6166442775661213,0.5972428373229977,0.6016771488469602,0.5010989010989011,0.6933867735470942,0.5454545454545454,0.5984251968503937,346,153,227,228,0.6225241425241425,0.0265380782165633,0.5972565212565213,0.0276170741325635,0.6016698815100578,0.5010989010989011,0.6934141414141414,0.5439061214514445,0.5991046378166054,"[0.587912, 0.657473, 0.614835, 0.638681, 0.61372]","[1, 0.1, 0.1, 0.1, 0.1]",2.4
M1,slow4,D_SUBJ_BAND_Z,linsvm,0.6153405712523949,0.5788522099143342,0.5838574423480084,0.4703296703296703,0.687374749498998,0.5187878787878788,0.5783783783783784,343,156,241,214,0.6138175158175159,0.0267376928488649,0.5788315018315018,0.014362468738296,0.583841278589143,0.4703296703296703,0.6873333333333334,0.5175143688007122,0.5781780961981557,"[0.631209, 0.626374, 0.612088, 0.631319, 0.568099]","[0.001, 0.001, 0.001, 0.001, 0.001]",1.7
M1,all3,D_SUBJ_BAND_Z,linsvm,0.6546543636723997,0.6162148472769715,0.6194968553459119,0.545054945054945,0.687374749498998,0.5774155995343423,0.6138613861386139,343,156,207,248,0.6548247308247308,0.0275375453573313,0.6162143412143413,0.0169977602175854,0.6194929732708735,0.5450549450549451,0.6873737373737374,0.576840701487923,0.6170482440360878,"[0.628901, 0.66978, 0.679121, 0.675165, 0.621157]","[0.001, 0.001, 0.001, 0.001, 0.001]",13.4
M2,slow4,D_SUBJ_BAND_Z,linsvm,0.6127816071703847,0.5862868594331521,0.5922431865828093,0.4571428571428571,0.7154308617234469,0.5167701863354037,0.5942857142857143,357,142,247,208,0.6123833943833944,0.030082725185186,0.5862683982683983,0.0201837519345157,0.5922072196197299,0.4571428571428571,0.7153939393939395,0.5162361902814154,0.5941216351970798,"[0.601648, 0.634725, 0.621099, 0.639121, 0.565324]","[0.001, 0.001, 0.001, 0.001, 0.001]",0.5
M2,all3,D_SUBJ_BAND_Z,linsvm,0.6271091633817085,0.5928472329273933,0.5974842767295597,0.4923076923076923,0.6933867735470942,0.5384615384615384,0.5941644562334217,346,153,231,224,0.6269728049728049,0.0330432018024335,0.5928104118104118,0.0318544525045267,0.59744833287407,0.4923076923076923,0.6933131313131312,0.5387463022336061,0.5966226073453097,"[0.616593, 0.658352, 0.643516, 0.642088, 0.574315]","[0.001, 0.001, 0.001, 0.001, 0.001]",13.1
OLD,slow4,D_SUBJ_BAND_Z,linsvm,0.5915038868946685,0.577299654253562,0.5807127882599581,0.5032967032967033,0.6513026052104208,0.5337995337995338,0.5682382133995038,325,174,226,229,0.5925667665667665,0.0216518216476009,0.5773049173049173,0.0205161062216053,0.5806944061724992,0.5032967032967033,0.6513131313131313,0.5323943631289951,0.5684198604765249,"[0.579231, 0.625385, 0.60011, 0.589011, 0.569098]","[1000, 0.01, 0.01, 10, 0.01]",0.6
OLD,all3,D_SUBJ_BAND_Z,linsvm,0.6276685238609085,0.5989231209672092,0.6027253668763103,0.5164835164835165,0.6813627254509018,0.5535924617196702,0.5964467005076142,340,159,220,235,0.6268904428904429,0.0318529282202977,0.5989286269286269,0.0213766356847489,0.6027004684486085,0.5164835164835166,0.6813737373737374,0.5529028140059815,0.5980172373763302,"[0.602967, 0.663626, 0.627802, 0.651978, 0.588079]","[0.001, 0.001, 0.001, 0.001, 0.001]",8.9
M1,slow4,D_SUBJ_BAND_Z,logreg,0.6181329692351737,0.5840229910370192,0.5880503144654088,0.4967032967032967,0.6713426853707415,0.5349112426035503,0.5794871794871795,335,164,229,226,0.6176556776556776,0.0253447958991952,0.583998112998113,0.0211447214066452,0.5880132267842382,0.4967032967032967,0.6712929292929293,0.5340904491550991,0.5800231639705323,"[0.637033, 0.633956, 0.614286, 0.627912, 0.575092]","[0.01, 0.01, 0.01, 0.01, 0.01]",1.6
M1,all3,D_SUBJ_BAND_Z,logreg,0.6403972780726288,0.6077803959567486,0.6132075471698113,0.4901098901098901,0.7254509018036072,0.5472392638036809,0.6194444444444445,362,137,232,223,0.6476230436230436,0.0194111143260445,0.6077418137418137,0.0212398196785603,0.6132212730779829,0.4901098901098901,0.7253737373737372,0.5433187428844048,0.6226529299632658,"[0.633516, 0.664725, 0.645495, 0.66967, 0.624709]","[0.01, 0.001, 0.001, 0.001, 0.01]",3.1
M2,slow4,D_SUBJ_BAND_Z,logreg,0.6059459578497655,0.5826994648637935,0.589098532494759,0.4439560439560439,0.7214428857715431,0.507537688442211,0.592375366568915,360,139,253,202,0.6069759129759129,0.0281278710467989,0.5826446886446887,0.0298989928129693,0.5890438137227887,0.443956043956044,0.7213333333333334,0.5063103319365063,0.5932163431907678,"[0.605934, 0.632527, 0.598681, 0.632857, 0.56488]","[0.01, 0.01, 0.001, 0.01, 0.01]",0.5
M2,all3,D_SUBJ_BAND_Z,logreg,0.6197890286066638,0.5919421260102623,0.5964360587002097,0.4945054945054945,0.6893787575150301,0.5389221556886228,0.5921052631578947,344,155,230,225,0.621123321123321,0.0303497089715527,0.591889110889111,0.0382150192231256,0.5963901901350235,0.4945054945054945,0.6892727272727273,0.5387942809310268,0.5943078692774433,"[0.619011, 0.654176, 0.623407, 0.636374, 0.57265]","[0.01, 0.01, 0.001, 0.01, 0.01]",4.7
OLD,slow4,D_SUBJ_BAND_Z,logreg,0.5935519390429211,0.574390539320399,0.5775681341719078,0.5054945054945055,0.6432865731462926,0.5330243337195828,0.5637254901960784,321,178,225,230,0.5912210012210013,0.0340802887467689,0.5744038184038184,0.0312564494777927,0.5775254891154588,0.5054945054945055,0.6433131313131313,0.5312352760844958,0.5638434597006544,"[0.581099, 0.637912, 0.604505, 0.588022, 0.544567]","[1, 0.1, 0.1, 1, 0.01]",0.6
OLD,all3,D_SUBJ_BAND_Z,logreg,0.6339051729833294,0.5984056024136184,0.6016771488469602,0.5274725274725275,0.6693386773547094,0.5581395348837209,0.5925925925925926,334,165,215,240,0.6332749472749473,0.0295489740005839,0.5984130314130314,0.0197842788042796,0.6016809038302562,0.5274725274725276,0.6693535353535354,0.5580026665469549,0.5953132992327366,"[0.605824, 0.675055, 0.634945, 0.646044, 0.604507]","[0.01, 0.01, 0.01, 0.01, 0.01]",3.9
M1,slow4,F_TRAINFOLD_BAND_Z,linsvm,0.6171639983263231,0.5695456847761456,0.5775681341719078,0.3956043956043956,0.7434869739478958,0.4718217562254259,0.5844155844155844,371,128,275,180,0.6174394494394495,0.0178839628864552,0.5695294705294706,0.0460135989157374,0.5774924221548636,0.3956043956043956,0.7434545454545454,0.4686494352896564,0.581410596362474,"[0.636593, 0.621758, 0.620549, 0.62044, 0.587857]","[0.001, 0.001, 0.001, 0.001, 0.001]",1.7
M1,all3,F_TRAINFOLD_BAND_Z,linsvm,0.6484617586821996,0.6001519522561607,0.6048218029350105,0.4989010989010989,0.7014028056112225,0.54632972322503,0.6037234042553191,350,149,228,227,0.6487299367299368,0.0191357033429369,0.6001576201576201,0.0301959754653429,0.6047891981262055,0.4989010989010988,0.7014141414141414,0.5456825384531967,0.6070535682486622,"[0.628242, 0.654725, 0.663516, 0.668462, 0.628705]","[0.001, 0.001, 0.001, 0.001, 0.001]",14.3
M2,slow4,F_TRAINFOLD_BAND_Z,linsvm,0.6035675747098592,0.5873218965403334,0.5943396226415094,0.4351648351648352,0.7394789579158316,0.5057471264367817,0.6036585365853658,369,130,257,198,0.6054421134421135,0.0384443327945399,0.5872490842490843,0.0450644317568384,0.594262882336732,0.4351648351648351,0.7393333333333334,0.5057614312744898,0.6066404145040982,"[0.591209, 0.619231, 0.630549, 0.640989, 0.545233]","[0.001, 0.01, 0.001, 0.01, 0.01]",0.6
M2,all3,F_TRAINFOLD_BAND_Z,linsvm,0.6307692307692307,0.6021581624788037,0.610062893081761,0.4307692307692308,0.7735470941883767,0.5130890052356021,0.6343042071197411,386,113,259,196,0.6311166611166612,0.0271410694638091,0.6021219891219891,0.0385049791553698,0.6100192890603472,0.4307692307692307,0.7734747474747474,0.5124486175049897,0.6356607013362242,"[0.614505, 0.646264, 0.65044, 0.653077, 0.591298]","[0.001, 0.001, 0.001, 0.001, 0.001]",20.5
OLD,slow4,F_TRAINFOLD_BAND_Z,linsvm,0.5964368297033628,0.5660882203968376,0.5754716981132075,0.3626373626373626,0.7695390781563126,0.4489795918367347,0.5892857142857143,384,115,290,165,0.5974889554889555,0.0356225699107472,0.5660560550560552,0.0444987916845546,0.5753926701570681,0.3626373626373627,0.7694747474747475,0.4465068528206801,0.5853537794152517,"[0.603187, 0.625385, 0.606703, 0.616484, 0.535687]","[0.001, 0.001, 0.01, 0.001, 0.001]",0.5
OLD,all3,F_TRAINFOLD_BAND_Z,linsvm,0.613173599947147,0.5875795547138233,0.5932914046121593,0.4637362637362637,0.7114228456913828,0.5209876543209877,0.5943661971830986,355,144,244,211,0.614934176934177,0.0499237645185898,0.5876055056055056,0.0369494949971791,0.5932763846789749,0.4637362637362637,0.7114747474747475,0.5203557284286662,0.5993536402053377,"[0.561868, 0.657692, 0.62033, 0.668791, 0.56599]","[0.01, 0.001, 0.001, 0.001, 0.001]",10.2
M1,slow4,F_TRAINFOLD_BAND_Z,logreg,0.6260080600761964,0.5840890572353499,0.590146750524109,0.4527472527472527,0.7154308617234469,0.5130759651307597,0.5919540229885057,357,142,249,206,0.6253633033633033,0.0145903092871572,0.5841008991008991,0.0288470447164049,0.5901074676219344,0.4527472527472527,0.7154545454545455,0.5101699593744783,0.5910669077757685,"[0.643187, 0.633736, 0.619231, 0.625934, 0.604729]","[0.01, 0.01, 0.01, 0.01, 0.01]",2.0
M1,all3,F_TRAINFOLD_BAND_Z,logreg,0.6452597502697703,0.5999581580743906,0.6048218029350105,0.4945054945054945,0.7054108216432866,0.5441354292623942,0.6048387096774194,352,147,230,225,0.6485709845709846,0.0160956380395869,0.599939615939616,0.0227478083111088,0.6048057316065032,0.4945054945054945,0.7053737373737373,0.5374491174971701,0.6094049043988378,"[0.639011, 0.659011, 0.635824, 0.671868, 0.637141]","[0.01, 0.01, 0.001, 0.01, 0.01]",4.6
M2,slow4,F_TRAINFOLD_BAND_Z,logreg,0.5998810808430046,0.5855116827060715,0.5922431865828093,0.4395604395604395,0.7314629258517034,0.5069708491761724,0.5988023952095808,365,134,255,200,0.6044912864912865,0.0384458696255966,0.5854367854367855,0.0407666992533041,0.5921686414990356,0.4395604395604396,0.7313131313131314,0.5070831640888384,0.601039467828275,"[0.593846, 0.619231, 0.629341, 0.637692, 0.542347]","[0.01, 0.1, 0.01, 0.01, 0.1]",0.7
M2,all3,F_TRAINFOLD_BAND_Z,logreg,0.6301349952652558,0.5951111013235262,0.6016771488469602,0.4527472527472527,0.7374749498997996,0.5202020202020202,0.6112759643916914,368,131,249,206,0.6306078366078367,0.0262396563959396,0.595090798090798,0.0347030949595061,0.6016423257095618,0.4527472527472527,0.7374343434343433,0.5190965783127519,0.6094726182122322,"[0.619451, 0.650769, 0.642527, 0.650659, 0.589633]","[0.01, 0.01, 0.01, 0.01, 0.01]",5.6
OLD,slow4,F_TRAINFOLD_BAND_Z,logreg,0.6137770045585677,0.5784976546499593,0.5849056603773585,0.4395604395604395,0.717434869739479,0.5025125628140703,0.5865102639296188,358,141,255,200,0.6143782883782883,0.0307420173468844,0.5785478965478965,0.0261283125816079,0.5848718655276935,0.4395604395604396,0.7175353535353535,0.500079189726429,0.5850336959032612,"[0.61, 0.637802, 0.627582, 0.633736, 0.562771]","[0.01, 0.1, 0.1, 0.01, 0.01]",0.8
OLD,all3,F_TRAINFOLD_BAND_Z,logreg,0.6363672399744544,0.6023497544539629,0.6069182389937107,0.5032967032967033,0.7014028056112225,0.5498199279711885,0.6058201058201058,350,149,226,229,0.6354247974247975,0.037343659985987,0.6023655233655234,0.0310463384597349,0.6068889501240011,0.5032967032967033,0.7014343434343433,0.5485281098597595,0.6071216860963811,"[0.607033, 0.672967, 0.632418, 0.673187, 0.59152]","[0.01, 0.01, 0.01, 0.01, 0.01]",5.4
