unit,fold,fold_protocol,arm,arch,E,mode,spec,seed,D_in,status,verdict,head,probe_honest,svm_tr_enc,svm_tr_full,fused_auc,alpha_selected,delta_vs_svm_tr_enc,delta_vs_svm_tr_full,movement_max,clip_rate,best_epoch,total_steps,n_params,repr_dim_used,n_tr_enc,n_tr_probe,n_te,policy_hash,wall_s,node
s17_A7_signed_fused_s0,lab0,lab,A7,EDGEMLP,signed,fused,edgetri,20260818,4005,OK,OVERFIT,0.713076923076923,0.7221978021978022,0.7318681318681318,0.749010989010989,0.7318681318681318,1.0,0.0,-0.017142857142857126,0.07206708937883377,0.09140625,18,1280,1033793,32,610,153,191,798ed7790c1ddabc,46.1,node02.cognition.gla.alces.network
s17_A7_signed_fused_s0,lab1,lab,A7,EDGEMLP,signed,fused,edgetri,20260818,4005,OK,OVERFIT,0.7753846153846154,0.7724175824175824,0.794065934065934,0.7860439560439563,0.794065934065934,1.0,0.0,0.008021978021977683,0.1640472710132599,0.08854166666666667,34,1344,1033793,32,610,153,191,798ed7790c1ddabc,37.8,node02.cognition.gla.alces.network
s17_A7_signed_fused_s0,lab2,lab,A7,EDGEMLP,signed,fused,edgetri,20260818,4005,OK,OVERFIT,0.7108791208791208,0.7037362637362639,0.7156043956043956,0.7224175824175824,0.7156043956043956,1.0,0.0,-0.006813186813186767,0.13062334060668945,0.0875,28,1280,1033793,32,610,153,191,798ed7790c1ddabc,44.1,node02.cognition.gla.alces.network
s17_A7_signed_fused_s0,loso0,loso,A7,EDGEMLP,signed,fused,edgetri,20260818,4005,OK,OVERFIT,0.546875,0.40104166666666663,0.546875,0.5885416666666667,0.53125,0.95,-0.015625,-0.05729166666666674,0.2709167003631592,0.07969924812030076,55,1995,1033793,32,740,186,28,798ed7790c1ddabc,55.8,node03.cognition.gla.alces.network
s17_A7_signed_fused_s0,loso1,loso,A7,EDGEMLP,signed,fused,edgetri,20260818,4005,OK,OVERFIT,0.7878787878787878,0.8080808080808082,0.8080808080808081,0.8181818181818181,0.8181818181818181,0.7,0.010101010101010055,0.0,0.1788242757320404,0.09164086687306501,35,1615,1033793,32,747,187,20,798ed7790c1ddabc,54.7,node03.cognition.gla.alces.network
s17_A7_signed_fused_s0,loso2,loso,A7,EDGEMLP,signed,fused,edgetri,20260818,4005,OK,OVERFIT,0.6541353383458647,0.5770676691729324,0.6541353383458647,0.6936090225563909,0.6522556390977443,0.9,-0.00187969924812037,-0.041353383458646586,0.1494991034269333,0.08600770218228498,32,1558,1033793,32,725,182,47,798ed7790c1ddabc,51.9,node03.cognition.gla.alces.network
s17_A7_signed_fused_s0,site0,site,A7,EDGEMLP,signed,fused,edgetri,20260818,4005,OK,OVERFIT,0.7730769230769231,0.7786813186813187,0.8221978021978023,0.8201098901098901,0.8221978021978023,1.0,0.0,0.002087912087912147,0.1403236985206604,0.08984375,30,1280,1033793,32,610,153,191,798ed7790c1ddabc,38.4,node08.cognition.gla.alces.network
s17_A7_signed_fused_s0,site1,site,A7,EDGEMLP,signed,fused,edgetri,20260818,4005,OK,OVERFIT,0.6929073342116819,0.6404259991216513,0.708498023715415,0.6982872200263504,0.708498023715415,1.0,0.0,0.010210803689064685,0.2134176641702652,0.09078947368421053,45,1520,1033793,32,610,153,191,798ed7790c1ddabc,46.1,node06.cognition.gla.alces.network
s17_A7_signed_fused_s0,site2,site,A7,EDGEMLP,signed,fused,edgetri,20260818,4005,OK,HEALTHY,0.6676548089591567,0.6520641194554239,0.7154150197628458,0.7221124286341678,0.7134387351778657,0.95,-0.0019762845849801147,-0.00867369345630209,0.08323167264461517,0.090625,20,1280,1033793,32,610,153,191,798ed7790c1ddabc,44.3,node02.cognition.gla.alces.network
s17_A7_signed_fused_s1,lab0,lab,A7,EDGEMLP,signed,fused,edgetri,20260819,4005,OK,OVERFIT,0.6747252747252748,0.7142857142857144,0.7318681318681318,0.749010989010989,0.7318681318681318,1.0,0.0,-0.017142857142857126,0.07887465506792068,0.078125,19,1280,1033793,32,610,153,191,798ed7790c1ddabc,40.9,node03.cognition.gla.alces.network
s17_A7_signed_fused_s1,lab1,lab,A7,EDGEMLP,signed,fused,edgetri,20260819,4005,OK,OVERFIT,0.7652747252747252,0.7656043956043955,0.794065934065934,0.7860439560439563,0.794065934065934,1.0,0.0,0.008021978021977683,0.16708813607692719,0.08970588235294118,35,1360,1033793,32,610,153,191,798ed7790c1ddabc,37.7,node05.cognition.gla.alces.network
s17_A7_signed_fused_s1,lab2,lab,A7,EDGEMLP,signed,fused,edgetri,20260819,4005,OK,OVERFIT,0.6906593406593405,0.6918681318681318,0.7156043956043956,0.7224175824175824,0.7156043956043956,1.0,0.0,-0.006813186813186767,0.1008865013718605,0.08203125,23,1280,1033793,32,610,153,191,798ed7790c1ddabc,41.5,node06.cognition.gla.alces.network
s17_A7_signed_fused_s1,loso0,loso,A7,EDGEMLP,signed,fused,edgetri,20260819,4005,OK,OVERFIT,0.5260416666666666,0.4739583333333333,0.546875,0.5885416666666667,0.546875,1.0,0.0,-0.04166666666666674,0.29523637890815735,0.08742931709438886,71,2299,1033793,32,740,186,28,798ed7790c1ddabc,54.7,node03.cognition.gla.alces.network
s17_A7_signed_fused_s1,loso1,loso,A7,EDGEMLP,signed,fused,edgetri,20260819,4005,OK,OVERFIT,0.7272727272727273,0.7272727272727272,0.8080808080808081,0.8181818181818181,0.7777777777777777,0.8,-0.030303030303030387,-0.04040404040404044,0.12501974403858185,0.09868421052631579,26,1520,1033793,32,747,187,20,798ed7790c1ddabc,54.5,node05.cognition.gla.alces.network
s17_A7_signed_fused_s1,loso2,loso,A7,EDGEMLP,signed,fused,edgetri,20260819,4005,OK,OVERFIT,0.5394736842105263,0.6597744360902256,0.6541353383458647,0.6936090225563909,0.6541353383458647,0.95,0.0,-0.039473684210526216,0.09108080714941025,0.09342105263157895,21,1520,1033793,32,725,182,47,798ed7790c1ddabc,47.9,node01.cognition.gla.alces.network
s17_A7_signed_fused_s1,site0,site,A7,EDGEMLP,signed,fused,edgetri,20260819,4005,OK,OVERFIT,0.7764835164835165,0.737032967032967,0.8221978021978023,0.8201098901098901,0.8221978021978023,1.0,0.0,0.002087912087912147,0.07836993038654327,0.08828125,19,1280,1033793,32,610,153,191,798ed7790c1ddabc,35.5,node03.cognition.gla.alces.network
s17_A7_signed_fused_s1,site1,site,A7,EDGEMLP,signed,fused,edgetri,20260819,4005,OK,OVERFIT,0.7121212121212122,0.6537110232762406,0.708498023715415,0.6982872200263504,0.708498023715415,1.0,0.0,0.010210803689064685,0.13494248688220978,0.090625,30,1280,1033793,32,610,153,191,798ed7790c1ddabc,41.5,node08.cognition.gla.alces.network
s17_A7_signed_fused_s1,site2,site,A7,EDGEMLP,signed,fused,edgetri,20260819,4005,OK,OVERFIT,0.6745718050065876,0.6858805445761967,0.7154150197628458,0.7221124286341678,0.7166227492314449,0.9,0.0012077294685990392,-0.005489679402722936,0.07722581177949905,0.08671875,19,1280,1033793,32,610,153,191,798ed7790c1ddabc,43.9,node05.cognition.gla.alces.network
s17_A7_signed_fused_s2,lab0,lab,A7,EDGEMLP,signed,fused,edgetri,20260820,4005,OK,OVERFIT,0.7085714285714286,0.7136263736263737,0.7318681318681318,0.749010989010989,0.7318681318681318,1.0,0.0,-0.017142857142857126,0.10401258617639542,0.09375,24,1280,1033793,32,610,153,191,798ed7790c1ddabc,42.9,node01.cognition.gla.alces.network
s17_A7_signed_fused_s2,lab1,lab,A7,EDGEMLP,signed,fused,edgetri,20260820,4005,OK,OVERFIT,0.761978021978022,0.6901098901098901,0.794065934065934,0.7860439560439563,0.7951648351648352,0.8,0.001098901098901206,0.009120879120878889,0.04576735571026802,0.08515625,13,1280,1033793,32,610,153,191,798ed7790c1ddabc,35.8,node02.cognition.gla.alces.network
s17_A7_signed_fused_s2,lab2,lab,A7,EDGEMLP,signed,fused,edgetri,20260820,4005,OK,OVERFIT,0.6853846153846155,0.6971428571428571,0.7156043956043956,0.7224175824175824,0.7115384615384616,0.65,-0.004065934065934029,-0.010879120879120796,0.14710915088653564,0.09567901234567901,31,1296,1033793,32,610,153,191,798ed7790c1ddabc,40.0,node05.cognition.gla.alces.network
s17_A7_signed_fused_s2,loso0,loso,A7,EDGEMLP,signed,fused,edgetri,20260820,4005,OK,OVERFIT,0.5520833333333334,0.40624999999999994,0.546875,0.5885416666666667,0.546875,0.65,0.0,-0.04166666666666674,0.26658985018730164,0.0903674280039722,56,2014,1033793,32,740,186,28,798ed7790c1ddabc,53.7,node05.cognition.gla.alces.network
s17_A7_signed_fused_s2,loso1,loso,A7,EDGEMLP,signed,fused,edgetri,20260820,4005,OK,OVERFIT,0.7272727272727273,0.7272727272727273,0.8080808080808081,0.8181818181818181,0.797979797979798,0.8,-0.010101010101010055,-0.02020202020202011,0.11772578209638596,0.09802631578947368,24,1520,1033793,32,747,187,20,798ed7790c1ddabc,55.8,node05.cognition.gla.alces.network
s17_A7_signed_fused_s2,loso2,loso,A7,EDGEMLP,signed,fused,edgetri,20260820,4005,OK,OVERFIT,0.5845864661654135,0.6109022556390977,0.6541353383458647,0.6936090225563909,0.6597744360902256,0.7,0.005639097744360888,-0.03383458646616533,0.1737453192472458,0.09022556390977443,34,1596,1033793,32,725,182,47,798ed7790c1ddabc,47.4,node02.cognition.gla.alces.network
s17_A7_signed_fused_s2,site0,site,A7,EDGEMLP,signed,fused,edgetri,20260820,4005,OK,OVERFIT,0.7474725274725275,0.7438461538461539,0.8221978021978023,0.8201098901098901,0.8221978021978023,1.0,0.0,0.002087912087912147,0.10041923075914383,0.09140625,22,1280,1033793,32,610,153,191,798ed7790c1ddabc,35.5,node06.cognition.gla.alces.network
s17_A7_signed_fused_s2,site1,site,A7,EDGEMLP,signed,fused,edgetri,20260820,4005,OK,OVERFIT,0.6742424242424243,0.6689723320158102,0.708498023715415,0.6982872200263504,0.708498023715415,1.0,0.0,0.010210803689064685,0.10939425230026245,0.09140625,25,1280,1033793,32,610,153,191,798ed7790c1ddabc,44.6,node01.cognition.gla.alces.network
s17_A7_signed_fused_s2,site2,site,A7,EDGEMLP,signed,fused,edgetri,20260820,4005,OK,HEALTHY,0.690272288098375,0.7026789635485289,0.7154150197628458,0.7221124286341678,0.7154150197628458,1.0,0.0,-0.006697408871321975,0.09440596401691437,0.0921875,22,1280,1033793,32,610,153,191,798ed7790c1ddabc,44.7,node08.cognition.gla.alces.network
s17_R1a_signed_fused_s0,lab0,lab,R1a,ROWMLP,signed,fused,fcrow_abs,20260818,90,OK,OVERFIT,0.6718681318681319,0.7052747252747252,0.7318681318681318,0.749010989010989,0.7318681318681318,1.0,0.0,-0.017142857142857126,0.45926401019096375,0.06989247311827956,43,1488,13249,2880,610,153,191,798ed7790c1ddabc,48.1,node03.cognition.gla.alces.network
s17_R1a_signed_fused_s0,lab1,lab,R1a,ROWMLP,signed,fused,fcrow_abs,20260818,90,OK,OVERFIT,0.6963736263736263,0.6845054945054946,0.794065934065934,0.7860439560439563,0.794065934065934,1.0,0.0,0.008021978021977683,0.5866591334342957,0.056372549019607844,52,1632,13249,2880,610,153,191,798ed7790c1ddabc,41.2,node03.cognition.gla.alces.network
s17_R1a_signed_fused_s0,lab2,lab,R1a,ROWMLP,signed,fused,fcrow_abs,20260818,90,OK,OVERFIT,0.6997802197802199,0.7125274725274725,0.7156043956043956,0.7224175824175824,0.7156043956043956,1.0,0.0,-0.006813186813186767,0.41220033168792725,0.06178977272727273,38,1408,13249,2880,610,153,191,798ed7790c1ddabc,44.3,node03.cognition.gla.alces.network
s17_R1a_signed_fused_s0,loso0,loso,R1a,ROWMLP,signed,fused,fcrow_abs,20260818,90,OK,OVERFIT,0.46354166666666663,0.328125,0.546875,0.5885416666666667,0.5364583333333333,0.85,-0.01041666666666674,-0.05208333333333348,0.6792591214179993,0.059941520467836254,58,2052,13249,2880,740,186,28,798ed7790c1ddabc,58.3,node06.cognition.gla.alces.network
s17_R1a_signed_fused_s0,loso1,loso,R1a,ROWMLP,signed,fused,fcrow_abs,20260818,90,OK,OVERFIT,0.8080808080808081,0.6464646464646465,0.8080808080808081,0.8181818181818181,0.8080808080808081,1.0,0.0,-0.010101010101010055,0.4193621873855591,0.04957160342717258,36,1634,13249,2880,747,187,20,798ed7790c1ddabc,57.2,node05.cognition.gla.alces.network
s17_R1a_signed_fused_s0,loso2,loso,R1a,ROWMLP,signed,fused,fcrow_abs,20260818,90,OK,OVERFIT,0.5958646616541353,0.6654135338345865,0.6541353383458647,0.6936090225563909,0.693609022556391,0.75,0.03947368421052633,1.1102230246251565e-16,0.32320135831832886,0.06432748538011696,31,1539,13249,2880,725,182,47,798ed7790c1ddabc,54.1,node01.cognition.gla.alces.network
s17_R1a_signed_fused_s0,site0,site,R1a,ROWMLP,signed,fused,fcrow_abs,20260818,90,OK,OVERFIT,0.8036263736263736,0.5940659340659341,0.8221978021978023,0.8201098901098901,0.8221978021978023,1.0,0.0,0.002087912087912147,0.7455799579620361,0.06581439393939394,82,2112,13249,2880,610,153,191,798ed7790c1ddabc,41.6,node08.cognition.gla.alces.network
s17_R1a_signed_fused_s0,site1,site,R1a,ROWMLP,signed,fused,fcrow_abs,20260818,90,OK,OVERFIT,0.742094861660079,0.6080368906455863,0.708498023715415,0.6982872200263504,0.7122310057092667,0.6,0.003732981993851636,0.013943785682916321,0.475912868976593,0.05846774193548387,43,1488,13249,2880,610,153,191,798ed7790c1ddabc,46.7,node05.cognition.gla.alces.network
s17_R1a_signed_fused_s0,site2,site,R1a,ROWMLP,signed,fused,fcrow_abs,20260818,90,OK,OVERFIT,0.643939393939394,0.6071585419411506,0.7154150197628458,0.7221124286341678,0.7142072902942468,0.9,-0.0012077294685990392,-0.007905138339921014,0.6741582155227661,0.06465517241379311,66,1856,13249,2880,610,153,191,798ed7790c1ddabc,48.7,node03.cognition.gla.alces.network
s17_R1a_signed_fused_s1,lab0,lab,R1a,ROWMLP,signed,fused,fcrow_abs,20260819,90,OK,HEALTHY,0.6101098901098901,0.6853846153846154,0.7318681318681318,0.749010989010989,0.7318681318681318,1.0,0.0,-0.017142857142857126,0.15691566467285156,0.05625,20,1280,13249,2880,610,153,191,798ed7790c1ddabc,46.0,node06.cognition.gla.alces.network
s17_R1a_signed_fused_s1,lab1,lab,R1a,ROWMLP,signed,fused,fcrow_abs,20260819,90,OK,OVERFIT,0.7297802197802197,0.6389010989010989,0.794065934065934,0.7860439560439563,0.794065934065934,1.0,0.0,0.008021978021977683,0.731684148311615,0.06096311475409836,72,1952,13249,2880,610,153,191,798ed7790c1ddabc,41.6,node01.cognition.gla.alces.network
s17_R1a_signed_fused_s1,lab2,lab,R1a,ROWMLP,signed,fused,fcrow_abs,20260819,90,OK,OVERFIT,0.6447252747252747,0.5978021978021978,0.7156043956043956,0.7224175824175824,0.7076923076923076,0.8,-0.007912087912087973,-0.01472527472527474,0.677946150302887,0.06030701754385965,64,1824,13249,2880,610,153,191,798ed7790c1ddabc,46.2,node03.cognition.gla.alces.network
s17_R1a_signed_fused_s1,loso0,loso,R1a,ROWMLP,signed,fused,fcrow_abs,20260819,90,OK,OVERFIT,0.5625,0.4010416666666667,0.546875,0.5885416666666667,0.546875,1.0,0.0,-0.04166666666666674,0.8149007558822632,0.06174886033982594,77,2413,13249,2880,740,186,28,798ed7790c1ddabc,60.6,node08.cognition.gla.alces.network
s17_R1a_signed_fused_s1,loso1,loso,R1a,ROWMLP,signed,fused,fcrow_abs,20260819,90,OK,OVERFIT,0.8383838383838383,0.6060606060606061,0.8080808080808081,0.8181818181818181,0.8080808080808081,1.0,0.0,-0.010101010101010055,0.4513303339481354,0.056220095693779906,38,1672,13249,2880,747,187,20,798ed7790c1ddabc,57.4,node02.cognition.gla.alces.network
s17_R1a_signed_fused_s1,loso2,loso,R1a,ROWMLP,signed,fused,fcrow_abs,20260819,90,OK,OVERFIT,0.5394736842105263,0.6296992481203008,0.6541353383458647,0.6936090225563909,0.6541353383458646,0.9,-1.1102230246251565e-16,-0.03947368421052633,0.42052480578422546,0.07138535995160314,37,1653,13249,2880,725,182,47,798ed7790c1ddabc,53.3,node01.cognition.gla.alces.network
s17_R1a_signed_fused_s1,site0,site,R1a,ROWMLP,signed,fused,fcrow_abs,20260819,90,OK,OVERFIT,0.7319780219780219,0.5978021978021978,0.8221978021978023,0.8201098901098901,0.8221978021978023,1.0,0.0,0.002087912087912147,0.2716957926750183,0.053125,28,1280,13249,2880,610,153,191,798ed7790c1ddabc,38.7,node06.cognition.gla.alces.network
s17_R1a_signed_fused_s1,site1,site,R1a,ROWMLP,signed,fused,fcrow_abs,20260819,90,OK,OVERFIT,0.6900527009222661,0.5144927536231884,0.708498023715415,0.6982872200263504,0.6628238910847607,0.6,-0.04567413263065434,-0.035463328941589656,0.4422556459903717,0.06180555555555556,40,1440,13249,2880,610,153,191,798ed7790c1ddabc,45.5,node05.cognition.gla.alces.network
s17_R1a_signed_fused_s1,site2,site,R1a,ROWMLP,signed,fused,fcrow_abs,20260819,90,OK,OVERFIT,0.6243961352657005,0.6275801493192797,0.7154150197628458,0.7221124286341678,0.7157444005270092,0.8,0.00032938076416333395,-0.006368028107158641,0.5657015442848206,0.060625,50,1600,13249,2880,610,153,191,798ed7790c1ddabc,48.5,node05.cognition.gla.alces.network
s17_R1a_signed_fused_s2,lab0,lab,R1a,ROWMLP,signed,fused,fcrow_abs,20260820,90,OK,OVERFIT,0.6909890109890109,0.6947252747252747,0.7318681318681318,0.749010989010989,0.7318681318681318,1.0,0.0,-0.017142857142857126,0.4250423014163971,0.05631868131868132,41,1456,13249,2880,610,153,191,798ed7790c1ddabc,45.6,node06.cognition.gla.alces.network
s17_R1a_signed_fused_s2,lab1,lab,R1a,ROWMLP,signed,fused,fcrow_abs,20260820,90,OK,OVERFIT,0.7115384615384616,0.628901098901099,0.794065934065934,0.7860439560439563,0.793956043956044,0.95,-0.00010989010988993186,0.00791208791208775,0.525066077709198,0.05739795918367347,48,1568,13249,2880,610,153,191,798ed7790c1ddabc,43.3,node06.cognition.gla.alces.network
s17_R1a_signed_fused_s2,lab2,lab,R1a,ROWMLP,signed,fused,fcrow_abs,20260820,90,OK,OVERFIT,0.6741758241758241,0.61989010989011,0.7156043956043956,0.7224175824175824,0.7248351648351649,0.6,0.009230769230769265,0.002417582417582498,0.5671539306640625,0.06067961165048544,53,1648,13249,2880,610,153,191,798ed7790c1ddabc,46.3,node06.cognition.gla.alces.network
s17_R1a_signed_fused_s2,loso0,loso,R1a,ROWMLP,signed,fused,fcrow_abs,20260820,90,OK,OVERFIT,0.5833333333333333,0.3697916666666667,0.546875,0.5885416666666667,0.546875,1.0,0.0,-0.04166666666666674,0.6810469031333923,0.04876871076774505,59,2071,13249,2880,740,186,28,798ed7790c1ddabc,54.6,node06.cognition.gla.alces.network
s17_R1a_signed_fused_s2,loso1,loso,R1a,ROWMLP,signed,fused,fcrow_abs,20260820,90,OK,OVERFIT,0.7373737373737373,0.6262626262626263,0.8080808080808081,0.8181818181818181,0.8080808080808081,1.0,0.0,-0.010101010101010055,0.7535474896430969,0.05307760927743087,68,2242,13249,2880,747,187,20,798ed7790c1ddabc,60.1,node03.cognition.gla.alces.network
s17_R1a_signed_fused_s2,loso2,loso,R1a,ROWMLP,signed,fused,fcrow_abs,20260820,90,OK,OVERFIT,0.5939849624060151,0.6109022556390977,0.6541353383458647,0.6936090225563909,0.6541353383458647,1.0,0.0,-0.039473684210526216,0.6937330365180969,0.06520726595249185,63,2147,13249,2880,725,182,47,798ed7790c1ddabc,55.8,node03.cognition.gla.alces.network
s17_R1a_signed_fused_s2,site0,site,R1a,ROWMLP,signed,fused,fcrow_abs,20260820,90,OK,OVERFIT,0.7853846153846153,0.6569230769230769,0.8221978021978023,0.8201098901098901,0.8221978021978023,1.0,0.0,0.002087912087912147,0.6477854251861572,0.05866228070175439,64,1824,13249,2880,610,153,191,798ed7790c1ddabc,39.9,node03.cognition.gla.alces.network
s17_R1a_signed_fused_s2,site1,site,R1a,ROWMLP,signed,fused,fcrow_abs,20260820,90,OK,OVERFIT,0.6515151515151515,0.54655248133509,0.708498023715415,0.6982872200263504,0.6735836627140974,0.6,-0.03491436100131762,-0.024703557312252933,0.46269768476486206,0.0538563829787234,44,1504,13249,2880,610,153,191,798ed7790c1ddabc,46.0,node01.cognition.gla.alces.network
s17_R1a_signed_fused_s2,site2,site,R1a,ROWMLP,signed,fused,fcrow_abs,20260820,90,OK,OVERFIT,0.6519543258673693,0.624505928853755,0.7154150197628458,0.7221124286341678,0.7154150197628458,1.0,0.0,-0.006697408871321975,0.6232761740684509,0.05625,60,1760,13249,2880,610,153,191,798ed7790c1ddabc,46.5,node05.cognition.gla.alces.network
s17_R1p_signed_fused_s0,lab0,lab,R1p,ROWMLP,signed,fused,fcrow_split,20260818,180,OK,OVERFIT,0.6350549450549451,0.6481318681318681,0.7318681318681318,0.749010989010989,0.7384615384615385,0.55,0.006593406593406681,-0.010549450549450445,0.41156408190727234,0.054036458333333336,46,1536,19009,2880,610,153,191,798ed7790c1ddabc,48.2,node02.cognition.gla.alces.network
s17_R1p_signed_fused_s0,lab1,lab,R1p,ROWMLP,signed,fused,fcrow_split,20260818,180,OK,OVERFIT,0.7357142857142857,0.6728571428571428,0.794065934065934,0.7860439560439563,0.794065934065934,1.0,0.0,0.008021978021977683,0.6507412791252136,0.07021103896103896,104,2464,19009,2880,610,153,191,798ed7790c1ddabc,45.9,node05.cognition.gla.alces.network
s17_R1p_signed_fused_s0,lab2,lab,R1p,ROWMLP,signed,fused,fcrow_split,20260818,180,OK,OVERFIT,0.7147252747252747,0.5991208791208791,0.7156043956043956,0.7224175824175824,0.7208791208791209,0.9,0.005274725274725278,-0.0015384615384614886,0.44992518424987793,0.046556122448979595,48,1568,19009,2880,610,153,191,798ed7790c1ddabc,46.8,node02.cognition.gla.alces.network
s17_R1p_signed_fused_s0,loso0,loso,R1p,ROWMLP,signed,fused,fcrow_split,20260818,180,OK,OVERFIT,0.4739583333333333,0.26041666666666663,0.546875,0.5885416666666667,0.546875,1.0,0.0,-0.04166666666666674,0.5326056480407715,0.04554655870445344,54,1976,19009,2880,740,186,28,798ed7790c1ddabc,55.0,node08.cognition.gla.alces.network
s17_R1p_signed_fused_s0,loso1,loso,R1p,ROWMLP,signed,fused,fcrow_split,20260818,180,OK,OVERFIT,0.8888888888888888,0.6969696969696969,0.8080808080808081,0.8181818181818181,0.8080808080808081,0.8,0.0,-0.010101010101010055,0.7104941010475159,0.05662431941923775,95,2755,19009,2880,747,187,20,798ed7790c1ddabc,59.7,node06.cognition.gla.alces.network
s17_R1p_signed_fused_s0,loso2,loso,R1p,ROWMLP,signed,fused,fcrow_split,20260818,180,OK,OVERFIT,0.5,0.6466165413533834,0.6541353383458647,0.6936090225563909,0.674812030075188,0.7,0.020676691729323293,-0.018796992481202923,0.6120778322219849,0.07105263157894737,70,2280,19009,2880,725,182,47,798ed7790c1ddabc,54.3,node01.cognition.gla.alces.network
s17_R1p_signed_fused_s0,site0,site,R1p,ROWMLP,signed,fused,fcrow_split,20260818,180,OK,OVERFIT,0.7176923076923077,0.5782417582417583,0.8221978021978023,0.8201098901098901,0.8221978021978023,1.0,0.0,0.002087912087912147,0.28229036927223206,0.04573170731707317,32,1312,19009,2880,610,153,191,798ed7790c1ddabc,39.7,node05.cognition.gla.alces.network
s17_R1p_signed_fused_s0,site1,site,R1p,ROWMLP,signed,fused,fcrow_split,20260818,180,OK,OVERFIT,0.6651295564339043,0.5701581027667985,0.708498023715415,0.6982872200263504,0.708498023715415,1.0,0.0,0.010210803689064685,0.708143413066864,0.07315668202764977,167,3472,19009,2880,610,153,191,798ed7790c1ddabc,52.1,node03.cognition.gla.alces.network
s17_R1p_signed_fused_s0,site2,site,R1p,ROWMLP,signed,fused,fcrow_split,20260818,180,OK,OVERFIT,0.6303249890206413,0.5747694334650856,0.7154150197628458,0.7221124286341678,0.7154150197628458,1.0,0.0,-0.006697408871321975,0.5864418148994446,0.05853174603174603,76,2016,19009,2880,610,153,191,798ed7790c1ddabc,49.8,node02.cognition.gla.alces.network
s17_R1p_signed_fused_s1,lab0,lab,R1p,ROWMLP,signed,fused,fcrow_split,20260819,180,OK,OVERFIT,0.6310989010989011,0.67,0.7318681318681318,0.749010989010989,0.7351648351648351,0.85,0.003296703296703285,-0.013846153846153841,0.45680585503578186,0.05461165048543689,53,1648,19009,2880,610,153,191,798ed7790c1ddabc,50.3,node03.cognition.gla.alces.network
s17_R1p_signed_fused_s1,lab1,lab,R1p,ROWMLP,signed,fused,fcrow_split,20260819,180,OK,OVERFIT,0.6727472527472528,0.6917582417582417,0.794065934065934,0.7860439560439563,0.7967032967032968,0.95,0.0026373626373628056,0.010659340659340488,0.5756531953811646,0.06557377049180328,72,1952,19009,2880,610,153,191,798ed7790c1ddabc,43.4,node05.cognition.gla.alces.network
s17_R1p_signed_fused_s1,lab2,lab,R1p,ROWMLP,signed,fused,fcrow_split,20260819,180,OK,OVERFIT,0.612967032967033,0.5912087912087912,0.7156043956043956,0.7224175824175824,0.695934065934066,0.6,-0.019670329670329556,-0.026483516483516323,0.49081605672836304,0.05381944444444445,58,1728,19009,2880,610,153,191,798ed7790c1ddabc,46.8,node06.cognition.gla.alces.network
s17_R1p_signed_fused_s1,loso0,loso,R1p,ROWMLP,signed,fused,fcrow_split,20260819,180,OK,OVERFIT,0.5885416666666666,0.4375,0.546875,0.5885416666666667,0.5208333333333333,0.9,-0.02604166666666674,-0.06770833333333348,0.6954973340034485,0.06587898317221626,97,2793,19009,2880,740,186,28,798ed7790c1ddabc,65.0,node06.cognition.gla.alces.network
s17_R1p_signed_fused_s1,loso1,loso,R1p,ROWMLP,signed,fused,fcrow_split,20260819,180,OK,OVERFIT,0.7171717171717171,0.5454545454545454,0.8080808080808081,0.8181818181818181,0.8080808080808081,0.95,0.0,-0.010101010101010055,0.4699063301086426,0.049441786283891544,49,1881,19009,2880,747,187,20,798ed7790c1ddabc,59.8,node06.cognition.gla.alces.network
s17_R1p_signed_fused_s1,loso2,loso,R1p,ROWMLP,signed,fused,fcrow_split,20260819,180,OK,OVERFIT,0.513157894736842,0.5827067669172932,0.6541353383458647,0.6936090225563909,0.6560150375939849,0.95,0.001879699248120259,-0.03759398496240596,0.7013347744941711,0.06972846128059002,107,2983,19009,2880,725,182,47,798ed7790c1ddabc,60.8,node06.cognition.gla.alces.network
s17_R1p_signed_fused_s1,site0,site,R1p,ROWMLP,signed,fused,fcrow_split,20260819,180,OK,OVERFIT,0.7124175824175825,0.6027472527472527,0.8221978021978023,0.8201098901098901,0.8221978021978023,1.0,0.0,0.002087912087912147,0.30439671874046326,0.045588235294117645,35,1360,19009,2880,610,153,191,798ed7790c1ddabc,41.1,node03.cognition.gla.alces.network
s17_R1p_signed_fused_s1,site1,site,R1p,ROWMLP,signed,fused,fcrow_split,20260819,180,OK,OVERFIT,0.6181379007465965,0.6027667984189724,0.708498023715415,0.6982872200263504,0.708498023715415,1.0,0.0,0.010210803689064685,0.3723149001598358,0.05570652173913043,42,1472,19009,2880,610,153,191,798ed7790c1ddabc,46.8,node03.cognition.gla.alces.network
s17_R1p_signed_fused_s1,site2,site,R1p,ROWMLP,signed,fused,fcrow_split,20260819,180,OK,OVERFIT,0.6458058849363197,0.5958498023715415,0.7154150197628458,0.7221124286341678,0.7171717171717172,0.95,0.0017566974088714105,-0.004940711462450564,0.5262975096702576,0.06140350877192982,64,1824,19009,2880,610,153,191,798ed7790c1ddabc,48.4,node05.cognition.gla.alces.network
s17_R1p_signed_fused_s2,lab0,lab,R1p,ROWMLP,signed,fused,fcrow_split,20260820,180,OK,OVERFIT,0.65989010989011,0.5996703296703297,0.7318681318681318,0.749010989010989,0.7147252747252748,0.4,-0.017142857142857015,-0.03428571428571414,0.22468960285186768,0.0546875,26,1280,19009,2880,610,153,191,798ed7790c1ddabc,45.5,node01.cognition.gla.alces.network
s17_R1p_signed_fused_s2,lab1,lab,R1p,ROWMLP,signed,fused,fcrow_split,20260820,180,OK,OVERFIT,0.7238461538461539,0.6868131868131868,0.794065934065934,0.7860439560439563,0.784945054945055,0.8,-0.009120879120879,-0.001098901098901317,0.5195118188858032,0.05773809523809524,55,1680,19009,2880,610,153,191,798ed7790c1ddabc,41.9,node05.cognition.gla.alces.network
s17_R1p_signed_fused_s2,lab2,lab,R1p,ROWMLP,signed,fused,fcrow_split,20260820,180,OK,OVERFIT,0.6909890109890111,0.625934065934066,0.7156043956043956,0.7224175824175824,0.7156043956043956,1.0,0.0,-0.006813186813186767,0.5310587882995605,0.060141509433962265,56,1696,19009,2880,610,153,191,798ed7790c1ddabc,45.7,node05.cognition.gla.alces.network
s17_R1p_signed_fused_s2,loso0,loso,R1p,ROWMLP,signed,fused,fcrow_split,20260820,180,OK,OVERFIT,0.7083333333333333,0.359375,0.546875,0.5885416666666667,0.546875,1.0,0.0,-0.04166666666666674,0.4868214428424835,0.0592797783933518,45,1805,19009,2880,740,186,28,798ed7790c1ddabc,60.1,node06.cognition.gla.alces.network
s17_R1p_signed_fused_s2,loso1,loso,R1p,ROWMLP,signed,fused,fcrow_split,20260820,180,OK,OVERFIT,0.8787878787878787,0.6666666666666666,0.8080808080808081,0.8181818181818181,0.8181818181818181,0.35,0.010101010101010055,0.0,0.49027419090270996,0.043859649122807015,46,1824,19009,2880,747,187,20,798ed7790c1ddabc,59.4,node01.cognition.gla.alces.network
s17_R1p_signed_fused_s2,loso2,loso,R1p,ROWMLP,signed,fused,fcrow_split,20260820,180,OK,OVERFIT,0.5977443609022557,0.5977443609022557,0.6541353383458647,0.6936090225563909,0.6578947368421053,0.65,0.003759398496240629,-0.03571428571428559,0.4573625326156616,0.06281833616298811,43,1767,19009,2880,725,182,47,798ed7790c1ddabc,53.2,node05.cognition.gla.alces.network
s17_R1p_signed_fused_s2,site0,site,R1p,ROWMLP,signed,fused,fcrow_split,20260820,180,OK,OVERFIT,0.7668131868131869,0.6382417582417583,0.8221978021978023,0.8201098901098901,0.8221978021978023,1.0,0.0,0.002087912087912147,0.24807748198509216,0.05,28,1280,19009,2880,610,153,191,798ed7790c1ddabc,44.8,node01.cognition.gla.alces.network
s17_R1p_signed_fused_s2,site1,site,R1p,ROWMLP,signed,fused,fcrow_split,20260820,180,OK,OVERFIT,0.6819279754062362,0.5831137461572244,0.708498023715415,0.6982872200263504,0.7063021519543259,0.75,-0.002195871761089152,0.008014931927975533,0.6256861090660095,0.07136194029850747,84,2144,19009,2880,610,153,191,798ed7790c1ddabc,49.7,node05.cognition.gla.alces.network
s17_R1p_signed_fused_s2,site2,site,R1p,ROWMLP,signed,fused,fcrow_split,20260820,180,OK,OVERFIT,0.6492094861660079,0.6354852876592009,0.7154150197628458,0.7221124286341678,0.7154150197628458,1.0,0.0,-0.006697408871321975,0.5617392063140869,0.06085526315789474,64,1824,19009,2880,610,153,191,798ed7790c1ddabc,48.2,node05.cognition.gla.alces.network
s17_R1s_signed_fused_s0,lab0,lab,R1s,ROWMLP,signed,fused,fcrow_signed,20260818,90,OK,OVERFIT,0.6712087912087912,0.6793406593406593,0.7318681318681318,0.749010989010989,0.7318681318681318,1.0,0.0,-0.017142857142857126,0.27959614992141724,0.0625,30,1280,13249,2880,610,153,191,798ed7790c1ddabc,45.9,node08.cognition.gla.alces.network
s17_R1s_signed_fused_s0,lab1,lab,R1s,ROWMLP,signed,fused,fcrow_signed,20260818,90,OK,OVERFIT,0.7257142857142856,0.7193406593406594,0.794065934065934,0.7860439560439563,0.7949450549450549,0.95,0.0008791208791208982,0.00890109890109858,0.5258347392082214,0.06377551020408163,48,1568,13249,2880,610,153,191,798ed7790c1ddabc,39.6,node08.cognition.gla.alces.network
s17_R1s_signed_fused_s0,lab2,lab,R1s,ROWMLP,signed,fused,fcrow_signed,20260818,90,OK,OVERFIT,0.7143956043956043,0.7092307692307692,0.7156043956043956,0.7224175824175824,0.7156043956043956,1.0,0.0,-0.006813186813186767,0.3145290017127991,0.057926829268292686,32,1312,13249,2880,610,153,191,798ed7790c1ddabc,43.6,node01.cognition.gla.alces.network
s17_R1s_signed_fused_s0,loso0,loso,R1s,ROWMLP,signed,fused,fcrow_signed,20260818,90,OK,OVERFIT,0.7083333333333333,0.328125,0.546875,0.5885416666666667,0.5364583333333334,0.95,-0.01041666666666663,-0.05208333333333337,0.5963096618652344,0.05784262636789995,51,1919,13249,2880,740,186,28,798ed7790c1ddabc,57.4,node02.cognition.gla.alces.network
s17_R1s_signed_fused_s0,loso1,loso,R1s,ROWMLP,signed,fused,fcrow_signed,20260818,90,OK,OVERFIT,0.8585858585858586,0.6565656565656566,0.8080808080808081,0.8181818181818181,0.7878787878787878,0.8,-0.02020202020202022,-0.030303030303030276,0.2232368290424347,0.05789473684210526,23,1520,13249,2880,747,187,20,798ed7790c1ddabc,59.1,node02.cognition.gla.alces.network
s17_R1s_signed_fused_s0,loso2,loso,R1s,ROWMLP,signed,fused,fcrow_signed,20260818,90,OK,OVERFIT,0.5902255639097744,0.5545112781954887,0.6541353383458647,0.6936090225563909,0.6672932330827068,0.75,0.013157894736842146,-0.02631578947368407,0.39536252617836,0.07441016333938294,37,1653,13249,2880,725,182,47,798ed7790c1ddabc,53.5,node02.cognition.gla.alces.network
s17_R1s_signed_fused_s0,site0,site,R1s,ROWMLP,signed,fused,fcrow_signed,20260818,90,OK,OVERFIT,0.7757142857142858,0.6328571428571428,0.8221978021978023,0.8201098901098901,0.8221978021978023,1.0,0.0,0.002087912087912147,0.37317144870758057,0.053052325581395346,36,1376,13249,2880,610,153,191,798ed7790c1ddabc,41.8,node01.cognition.gla.alces.network
s17_R1s_signed_fused_s0,site1,site,R1s,ROWMLP,signed,fused,fcrow_signed,20260818,90,OK,OVERFIT,0.775691699604743,0.5774044795783926,0.708498023715415,0.6982872200263504,0.7104743083003953,0.8,0.0019762845849802257,0.01218708827404491,0.5160634517669678,0.06760204081632654,48,1568,13249,2880,610,153,191,798ed7790c1ddabc,46.9,node01.cognition.gla.alces.network
s17_R1s_signed_fused_s0,site2,site,R1s,ROWMLP,signed,fused,fcrow_signed,20260818,90,OK,OVERFIT,0.6784145805884937,0.6170399648660518,0.7154150197628458,0.7221124286341678,0.7153052261747915,0.95,-0.00010979358805429662,-0.0068072024593762714,0.4106093645095825,0.06388888888888888,40,1440,13249,2880,610,153,191,798ed7790c1ddabc,47.5,node01.cognition.gla.alces.network
s17_R1s_signed_fused_s1,lab0,lab,R1s,ROWMLP,signed,fused,fcrow_signed,20260819,90,OK,OVERFIT,0.6607692307692308,0.6979120879120879,0.7318681318681318,0.749010989010989,0.7318681318681318,1.0,0.0,-0.017142857142857126,0.2669966518878937,0.06015625,29,1280,13249,2880,610,153,191,798ed7790c1ddabc,46.1,node02.cognition.gla.alces.network
s17_R1s_signed_fused_s1,lab1,lab,R1s,ROWMLP,signed,fused,fcrow_signed,20260819,90,OK,OVERFIT,0.7251648351648352,0.6815384615384615,0.794065934065934,0.7860439560439563,0.794065934065934,1.0,0.0,0.008021978021977683,0.6616948843002319,0.06587837837837837,61,1776,13249,2880,610,153,191,798ed7790c1ddabc,42.2,node05.cognition.gla.alces.network
s17_R1s_signed_fused_s1,lab2,lab,R1s,ROWMLP,signed,fused,fcrow_signed,20260819,90,OK,OVERFIT,0.6604395604395604,0.6327472527472529,0.7156043956043956,0.7224175824175824,0.7145054945054945,0.75,-0.001098901098901095,-0.007912087912087862,0.42607706785202026,0.06458333333333334,40,1440,13249,2880,610,153,191,798ed7790c1ddabc,45.4,node05.cognition.gla.alces.network
s17_R1s_signed_fused_s1,loso0,loso,R1s,ROWMLP,signed,fused,fcrow_signed,20260819,90,OK,OVERFIT,0.5572916666666666,0.33854166666666663,0.546875,0.5885416666666667,0.5364583333333334,0.8,-0.01041666666666663,-0.05208333333333337,0.8131411075592041,0.062348178137651825,80,2470,13249,2880,740,186,28,798ed7790c1ddabc,56.9,node05.cognition.gla.alces.network
s17_R1s_signed_fused_s1,loso1,loso,R1s,ROWMLP,signed,fused,fcrow_signed,20260819,90,OK,OVERFIT,0.7777777777777778,0.6464646464646465,0.8080808080808081,0.8181818181818181,0.8080808080808081,1.0,0.0,-0.010101010101010055,0.37564241886138916,0.06015037593984962,34,1596,13249,2880,747,187,20,798ed7790c1ddabc,58.6,node05.cognition.gla.alces.network
s17_R1s_signed_fused_s1,loso2,loso,R1s,ROWMLP,signed,fused,fcrow_signed,20260819,90,OK,OVERFIT,0.5789473684210527,0.6146616541353384,0.6541353383458647,0.6936090225563909,0.6635338345864661,0.8,0.009398496240601406,-0.03007518796992481,0.31715571880340576,0.07342430149447693,31,1539,13249,2880,725,182,47,798ed7790c1ddabc,52.6,node06.cognition.gla.alces.network
s17_R1s_signed_fused_s1,site0,site,R1s,ROWMLP,signed,fused,fcrow_signed,20260819,90,OK,OVERFIT,0.7532967032967033,0.6335164835164835,0.8221978021978023,0.8201098901098901,0.8221978021978023,1.0,0.0,0.002087912087912147,0.35729968547821045,0.060294117647058824,35,1360,13249,2880,610,153,191,798ed7790c1ddabc,40.7,node05.cognition.gla.alces.network
s17_R1s_signed_fused_s1,site1,site,R1s,ROWMLP,signed,fused,fcrow_signed,20260819,90,OK,OVERFIT,0.692907334211682,0.5144927536231885,0.708498023715415,0.6982872200263504,0.6942248572683355,0.65,-0.014273166447079544,-0.004062362758014859,0.45264437794685364,0.06589673913043478,42,1472,13249,2880,610,153,191,798ed7790c1ddabc,45.4,node05.cognition.gla.alces.network
s17_R1s_signed_fused_s1,site2,site,R1s,ROWMLP,signed,fused,fcrow_signed,20260819,90,OK,OVERFIT,0.6171497584541062,0.6477821695213,0.7154150197628458,0.7221124286341678,0.7169521299956083,0.9,0.0015371102327624842,-0.005160298638559491,0.5491408705711365,0.068125,50,1600,13249,2880,610,153,191,798ed7790c1ddabc,47.7,node05.cognition.gla.alces.network
s17_R1s_signed_fused_s2,lab0,lab,R1s,ROWMLP,signed,fused,fcrow_signed,20260820,90,OK,OVERFIT,0.6602197802197802,0.6852747252747252,0.7318681318681318,0.749010989010989,0.7318681318681318,1.0,0.0,-0.017142857142857126,0.2927398979663849,0.06402439024390244,32,1312,13249,2880,610,153,191,798ed7790c1ddabc,46.9,node06.cognition.gla.alces.network
s17_R1s_signed_fused_s2,lab1,lab,R1s,ROWMLP,signed,fused,fcrow_signed,20260820,90,OK,OVERFIT,0.7538461538461539,0.67,0.794065934065934,0.7860439560439563,0.7943956043956044,0.95,0.0003296703296704617,0.008351648351648144,0.3454285264015198,0.06102941176470588,35,1360,13249,2880,610,153,191,798ed7790c1ddabc,41.5,node06.cognition.gla.alces.network
s17_R1s_signed_fused_s2,lab2,lab,R1s,ROWMLP,signed,fused,fcrow_signed,20260820,90,OK,OVERFIT,0.668021978021978,0.6340659340659341,0.7156043956043956,0.7224175824175824,0.7223076923076922,0.75,0.006703296703296613,-0.00010989010989015391,0.36811912059783936,0.0603448275862069,37,1392,13249,2880,610,153,191,798ed7790c1ddabc,47.4,node06.cognition.gla.alces.network
s17_R1s_signed_fused_s2,loso0,loso,R1s,ROWMLP,signed,fused,fcrow_signed,20260820,90,OK,OVERFIT,0.6927083333333334,0.28125,0.546875,0.5885416666666667,0.546875,0.95,0.0,-0.04166666666666674,0.6348116993904114,0.06000983767830792,57,2033,13249,2880,740,186,28,798ed7790c1ddabc,57.3,node03.cognition.gla.alces.network
s17_R1s_signed_fused_s2,loso1,loso,R1s,ROWMLP,signed,fused,fcrow_signed,20260820,90,OK,OVERFIT,0.8080808080808081,0.6666666666666666,0.8080808080808081,0.8181818181818181,0.797979797979798,0.9,-0.010101010101010055,-0.02020202020202011,0.48863524198532104,0.05432937181663837,43,1767,13249,2880,747,187,20,798ed7790c1ddabc,58.8,node03.cognition.gla.alces.network
s17_R1s_signed_fused_s2,loso2,loso,R1s,ROWMLP,signed,fused,fcrow_signed,20260820,90,OK,OVERFIT,0.5582706766917294,0.618421052631579,0.6541353383458647,0.6936090225563909,0.6541353383458647,1.0,0.0,-0.039473684210526216,0.46542271971702576,0.06508205998868138,43,1767,13249,2880,725,182,47,798ed7790c1ddabc,53.5,node03.cognition.gla.alces.network
s17_R1s_signed_fused_s2,site0,site,R1s,ROWMLP,signed,fused,fcrow_signed,20260820,90,OK,OVERFIT,0.7948351648351648,0.6735164835164835,0.8221978021978023,0.8201098901098901,0.8221978021978023,1.0,0.0,0.002087912087912147,0.5728475451469421,0.055424528301886794,56,1696,13249,2880,610,153,191,798ed7790c1ddabc,42.6,node06.cognition.gla.alces.network
s17_R1s_signed_fused_s2,site1,site,R1s,ROWMLP,signed,fused,fcrow_signed,20260820,90,OK,OVERFIT,0.6853315766359245,0.5884936319718929,0.708498023715415,0.6982872200263504,0.7138779095300833,0.8,0.005379885814668306,0.01559068950373299,0.5324578285217285,0.06553398058252427,53,1648,13249,2880,610,153,191,798ed7790c1ddabc,47.6,node06.cognition.gla.alces.network
s17_R1s_signed_fused_s2,site2,site,R1s,ROWMLP,signed,fused,fcrow_signed,20260820,90,OK,OVERFIT,0.6631532718489239,0.6424022837066315,0.7154150197628458,0.7221124286341678,0.7154150197628458,1.0,0.0,-0.006697408871321975,0.5346574783325195,0.061887254901960786,52,1632,13249,2880,610,153,191,798ed7790c1ddabc,45.2,node06.cognition.gla.alces.network
