unit,fold,fold_protocol,arm,arch,spec,seed,repr_dim,movement_max,clip_rate,best_epoch,svm_tr_enc,native_auc,native_width,native_evr,pca32_auc,pca32_width,pca32_evr,pca64_auc,pca64_width,pca64_evr
s17b_A7_signed_fused_s0,lab0,lab,A7,EDGEMLP,edgetri,20260818,32,0.07206708937883377,0.09140625,18,0.7318681318681318,0.7221978021978022,32,,,,,,,
s17b_A7_signed_fused_s0,lab1,lab,A7,EDGEMLP,edgetri,20260818,32,0.1640472710132599,0.08854166666666667,34,0.794065934065934,0.7724175824175824,32,,,,,,,
s17b_A7_signed_fused_s0,lab2,lab,A7,EDGEMLP,edgetri,20260818,32,0.13062334060668945,0.0875,28,0.7156043956043956,0.7037362637362639,32,,,,,,,
s17b_A7_signed_fused_s0,loso0,loso,A7,EDGEMLP,edgetri,20260818,32,0.2709167003631592,0.07969924812030076,55,0.546875,0.40104166666666663,32,,,,,,,
s17b_A7_signed_fused_s0,loso1,loso,A7,EDGEMLP,edgetri,20260818,32,0.1788242757320404,0.09164086687306501,35,0.8080808080808081,0.8080808080808082,32,,,,,,,
s17b_A7_signed_fused_s0,loso2,loso,A7,EDGEMLP,edgetri,20260818,32,0.1494991034269333,0.08600770218228498,32,0.6541353383458647,0.5770676691729324,32,,,,,,,
s17b_A7_signed_fused_s0,site0,site,A7,EDGEMLP,edgetri,20260818,32,0.1403236985206604,0.08984375,30,0.8221978021978023,0.7786813186813187,32,,,,,,,
s17b_A7_signed_fused_s0,site1,site,A7,EDGEMLP,edgetri,20260818,32,0.2134176641702652,0.09078947368421053,45,0.708498023715415,0.6404259991216513,32,,,,,,,
s17b_A7_signed_fused_s0,site2,site,A7,EDGEMLP,edgetri,20260818,32,0.08323167264461517,0.090625,20,0.7154150197628458,0.6520641194554239,32,,,,,,,
s17b_A7_signed_fused_s1,lab0,lab,A7,EDGEMLP,edgetri,20260819,32,0.07887465506792068,0.078125,19,0.7318681318681318,0.7142857142857144,32,,,,,,,
s17b_A7_signed_fused_s1,lab1,lab,A7,EDGEMLP,edgetri,20260819,32,0.16708813607692719,0.08970588235294118,35,0.794065934065934,0.7656043956043955,32,,,,,,,
s17b_A7_signed_fused_s1,lab2,lab,A7,EDGEMLP,edgetri,20260819,32,0.1008865013718605,0.08203125,23,0.7156043956043956,0.6918681318681318,32,,,,,,,
s17b_A7_signed_fused_s1,loso0,loso,A7,EDGEMLP,edgetri,20260819,32,0.29523637890815735,0.08742931709438886,71,0.546875,0.4739583333333333,32,,,,,,,
s17b_A7_signed_fused_s1,loso1,loso,A7,EDGEMLP,edgetri,20260819,32,0.12501974403858185,0.09868421052631579,26,0.8080808080808081,0.7272727272727272,32,,,,,,,
s17b_A7_signed_fused_s1,loso2,loso,A7,EDGEMLP,edgetri,20260819,32,0.09108080714941025,0.09342105263157895,21,0.6541353383458647,0.6597744360902256,32,,,,,,,
s17b_A7_signed_fused_s1,site0,site,A7,EDGEMLP,edgetri,20260819,32,0.07836993038654327,0.08828125,19,0.8221978021978023,0.737032967032967,32,,,,,,,
s17b_A7_signed_fused_s1,site1,site,A7,EDGEMLP,edgetri,20260819,32,0.13494248688220978,0.090625,30,0.708498023715415,0.6537110232762406,32,,,,,,,
s17b_A7_signed_fused_s1,site2,site,A7,EDGEMLP,edgetri,20260819,32,0.07722581177949905,0.08671875,19,0.7154150197628458,0.6858805445761967,32,,,,,,,
s17b_A7_signed_fused_s2,lab0,lab,A7,EDGEMLP,edgetri,20260820,32,0.10401258617639542,0.09375,24,0.7318681318681318,0.7136263736263737,32,,,,,,,
s17b_A7_signed_fused_s2,lab1,lab,A7,EDGEMLP,edgetri,20260820,32,0.04576735571026802,0.08515625,13,0.794065934065934,0.6901098901098901,32,,,,,,,
s17b_A7_signed_fused_s2,lab2,lab,A7,EDGEMLP,edgetri,20260820,32,0.14710915088653564,0.09567901234567901,31,0.7156043956043956,0.6971428571428571,32,,,,,,,
s17b_A7_signed_fused_s2,loso0,loso,A7,EDGEMLP,edgetri,20260820,32,0.26658985018730164,0.0903674280039722,56,0.546875,0.40624999999999994,32,,,,,,,
s17b_A7_signed_fused_s2,loso1,loso,A7,EDGEMLP,edgetri,20260820,32,0.11772578209638596,0.09802631578947368,24,0.8080808080808081,0.7272727272727273,32,,,,,,,
s17b_A7_signed_fused_s2,loso2,loso,A7,EDGEMLP,edgetri,20260820,32,0.1737453192472458,0.09022556390977443,34,0.6541353383458647,0.6109022556390977,32,,,,,,,
s17b_A7_signed_fused_s2,site0,site,A7,EDGEMLP,edgetri,20260820,32,0.10041923075914383,0.09140625,22,0.8221978021978023,0.7438461538461539,32,,,,,,,
s17b_A7_signed_fused_s2,site1,site,A7,EDGEMLP,edgetri,20260820,32,0.10939425230026245,0.09140625,25,0.708498023715415,0.6689723320158102,32,,,,,,,
s17b_A7_signed_fused_s2,site2,site,A7,EDGEMLP,edgetri,20260820,32,0.09440596401691437,0.0921875,22,0.7154150197628458,0.7026789635485289,32,,,,,,,
s17b_R1a_signed_fused_s0,lab0,lab,R1a,ROWMLP,fcrow_abs,20260818,2880,0.45926401019096375,0.06989247311827956,43,0.7318681318681318,0.7052747252747252,2880,,0.6358241758241758,32,0.5405767510100195,0.6585714285714286,64,0.6425698365246706
s17b_R1a_signed_fused_s0,lab1,lab,R1a,ROWMLP,fcrow_abs,20260818,2880,0.5866591334342957,0.056372549019607844,52,0.794065934065934,0.6845054945054946,2880,,0.712967032967033,32,0.5525139245747046,0.620989010989011,64,0.6544679501122019
s17b_R1a_signed_fused_s0,lab2,lab,R1a,ROWMLP,fcrow_abs,20260818,2880,0.41220033168792725,0.06178977272727273,38,0.7156043956043956,0.7125274725274725,2880,,0.6743956043956044,32,0.5081276525414401,0.7157142857142856,64,0.615675051016378
s17b_R1a_signed_fused_s0,loso0,loso,R1a,ROWMLP,fcrow_abs,20260818,2880,0.6792591214179993,0.059941520467836254,58,0.546875,0.328125,2880,,0.3229166666666667,32,0.5076224235746314,0.4166666666666667,64,0.61336259905313
s17b_R1a_signed_fused_s0,loso1,loso,R1a,ROWMLP,fcrow_abs,20260818,2880,0.4193621873855591,0.04957160342717258,36,0.8080808080808081,0.6464646464646465,2880,,0.6868686868686869,32,0.5169091969596673,0.5858585858585859,64,0.6204388423107922
s17b_R1a_signed_fused_s0,loso2,loso,R1a,ROWMLP,fcrow_abs,20260818,2880,0.32320135831832886,0.06432748538011696,31,0.6541353383458647,0.6654135338345865,2880,,0.5939849624060151,32,0.49205828529546103,0.5526315789473684,64,0.5996795903670409
s17b_R1a_signed_fused_s0,site0,site,R1a,ROWMLP,fcrow_abs,20260818,2880,0.7455799579620361,0.06581439393939394,82,0.8221978021978023,0.5940659340659341,2880,,0.630989010989011,32,0.5205561671354175,0.5924175824175824,64,0.6291460089096907
s17b_R1a_signed_fused_s0,site1,site,R1a,ROWMLP,fcrow_abs,20260818,2880,0.475912868976593,0.05846774193548387,43,0.708498023715415,0.6080368906455863,2880,,0.5925559947299077,32,0.5238696437853501,0.5097716293368467,64,0.6293784624607408
s17b_R1a_signed_fused_s0,site2,site,R1a,ROWMLP,fcrow_abs,20260818,2880,0.6741582155227661,0.06465517241379311,66,0.7154150197628458,0.6071585419411506,2880,,0.642512077294686,32,0.5541232354464762,0.6072683355292051,64,0.6565776040002534
s17b_R1a_signed_fused_s1,lab0,lab,R1a,ROWMLP,fcrow_abs,20260819,2880,0.15691566467285156,0.05625,20,0.7318681318681318,0.6853846153846154,2880,,0.6003296703296703,32,0.47891203000959615,0.6264835164835165,64,0.5886268128608945
s17b_R1a_signed_fused_s1,lab1,lab,R1a,ROWMLP,fcrow_abs,20260819,2880,0.731684148311615,0.06096311475409836,72,0.794065934065934,0.6389010989010989,2880,,0.6129670329670329,32,0.5331585020083733,0.6074725274725274,64,0.634932958978134
s17b_R1a_signed_fused_s1,lab2,lab,R1a,ROWMLP,fcrow_abs,20260819,2880,0.677946150302887,0.06030701754385965,64,0.7156043956043956,0.5978021978021978,2880,,0.5632967032967032,32,0.5118782506455115,0.607912087912088,64,0.6197558810709061
s17b_R1a_signed_fused_s1,loso0,loso,R1a,ROWMLP,fcrow_abs,20260819,2880,0.8149007558822632,0.06174886033982594,77,0.546875,0.4010416666666667,2880,,0.45833333333333326,32,0.5125595173065025,0.46875000000000006,64,0.6157225502453516
s17b_R1a_signed_fused_s1,loso1,loso,R1a,ROWMLP,fcrow_abs,20260819,2880,0.4513303339481354,0.056220095693779906,38,0.8080808080808081,0.6060606060606061,2880,,0.7171717171717171,32,0.5341229309895589,0.696969696969697,64,0.6312289796108264
s17b_R1a_signed_fused_s1,loso2,loso,R1a,ROWMLP,fcrow_abs,20260819,2880,0.42052480578422546,0.07138535995160314,37,0.6541353383458647,0.6296992481203008,2880,,0.5545112781954886,32,0.5169523348996466,0.5545112781954887,64,0.6176101298230846
s17b_R1a_signed_fused_s1,site0,site,R1a,ROWMLP,fcrow_abs,20260819,2880,0.2716957926750183,0.053125,28,0.8221978021978023,0.5978021978021978,2880,,0.6128571428571429,32,0.4906820044184718,0.6175824175824176,64,0.5983617545374492
s17b_R1a_signed_fused_s1,site1,site,R1a,ROWMLP,fcrow_abs,20260819,2880,0.4422556459903717,0.06180555555555556,40,0.708498023715415,0.5144927536231884,2880,,0.48089591567852435,32,0.5124913581581981,0.5068072024593764,64,0.6184959147605431
s17b_R1a_signed_fused_s1,site2,site,R1a,ROWMLP,fcrow_abs,20260819,2880,0.5657015442848206,0.060625,50,0.7154150197628458,0.6275801493192797,2880,,0.6644707949055776,32,0.5362382702889265,0.6406455862977601,64,0.6384361604742239
s17b_R1a_signed_fused_s2,lab0,lab,R1a,ROWMLP,fcrow_abs,20260820,2880,0.4250423014163971,0.05631868131868132,41,0.7318681318681318,0.6947252747252747,2880,,0.6282417582417582,32,0.576798948338515,0.6351648351648352,64,0.6706090838931917
s17b_R1a_signed_fused_s2,lab1,lab,R1a,ROWMLP,fcrow_abs,20260820,2880,0.525066077709198,0.05739795918367347,48,0.794065934065934,0.628901098901099,2880,,0.6481318681318681,32,0.5542396521678259,0.5706593406593407,64,0.6535986904497638
s17b_R1a_signed_fused_s2,lab2,lab,R1a,ROWMLP,fcrow_abs,20260820,2880,0.5671539306640625,0.06067961165048544,53,0.7156043956043956,0.61989010989011,2880,,0.6031868131868131,32,0.5407244065179362,0.6267032967032967,64,0.6422748708442692
s17b_R1a_signed_fused_s2,loso0,loso,R1a,ROWMLP,fcrow_abs,20260820,2880,0.6810469031333923,0.04876871076774505,59,0.546875,0.3697916666666667,2880,,0.4427083333333333,32,0.5319642294532019,0.421875,64,0.6322717301607381
s17b_R1a_signed_fused_s2,loso1,loso,R1a,ROWMLP,fcrow_abs,20260820,2880,0.7535474896430969,0.05307760927743087,68,0.8080808080808081,0.6262626262626263,2880,,0.6868686868686869,32,0.5224484865352244,0.505050505050505,64,0.6242774463281902
s17b_R1a_signed_fused_s2,loso2,loso,R1a,ROWMLP,fcrow_abs,20260820,2880,0.6937330365180969,0.06520726595249185,63,0.6541353383458647,0.6109022556390977,2880,,0.5921052631578947,32,0.5577229746284895,0.6240601503759399,64,0.65603350105584
s17b_R1a_signed_fused_s2,site0,site,R1a,ROWMLP,fcrow_abs,20260820,2880,0.6477854251861572,0.05866228070175439,64,0.8221978021978023,0.6569230769230769,2880,,0.6473626373626373,32,0.544419690864741,0.6449450549450549,64,0.645771756774857
s17b_R1a_signed_fused_s2,site1,site,R1a,ROWMLP,fcrow_abs,20260820,2880,0.46269768476486206,0.0538563829787234,44,0.708498023715415,0.54655248133509,2880,,0.5440272288098374,32,0.5368457628567063,0.5146025472112428,64,0.6387275369470777
s17b_R1a_signed_fused_s2,site2,site,R1a,ROWMLP,fcrow_abs,20260820,2880,0.6232761740684509,0.05625,60,0.7154150197628458,0.624505928853755,2880,,0.6405357927097057,32,0.5696952173503279,0.5886034255599473,64,0.6669651258498845
s17b_R1p_signed_fused_s0,lab0,lab,R1p,ROWMLP,fcrow_split,20260818,2880,0.41156408190727234,0.054036458333333336,46,0.7318681318681318,0.6481318681318681,2880,,0.638021978021978,32,0.455185232610031,0.6038461538461538,64,0.5892570444969795
s17b_R1p_signed_fused_s0,lab1,lab,R1p,ROWMLP,fcrow_split,20260818,2880,0.6507412791252136,0.07021103896103896,104,0.794065934065934,0.6728571428571428,2880,,0.6278021978021979,32,0.45783852624970267,0.6381318681318681,64,0.5859415852928873
s17b_R1p_signed_fused_s0,lab2,lab,R1p,ROWMLP,fcrow_split,20260818,2880,0.44992518424987793,0.046556122448979595,48,0.7156043956043956,0.5991208791208791,2880,,0.5635164835164835,32,0.4525357599145684,0.5593406593406594,64,0.5879543573575958
s17b_R1p_signed_fused_s0,loso0,loso,R1p,ROWMLP,fcrow_split,20260818,2880,0.5326056480407715,0.04554655870445344,54,0.546875,0.26041666666666663,2880,,0.30729166666666663,32,0.46183046163191066,0.34375,64,0.5887376537848258
s17b_R1p_signed_fused_s0,loso1,loso,R1p,ROWMLP,fcrow_split,20260818,2880,0.7104941010475159,0.05662431941923775,95,0.8080808080808081,0.6969696969696969,2880,,0.696969696969697,32,0.4294872990193354,0.8181818181818181,64,0.556566393681152
s17b_R1p_signed_fused_s0,loso2,loso,R1p,ROWMLP,fcrow_split,20260818,2880,0.6120778322219849,0.07105263157894737,70,0.6541353383458647,0.6466165413533834,2880,,0.6165413533834587,32,0.4638248008320083,0.5488721804511278,64,0.5885673482153749
s17b_R1p_signed_fused_s0,site0,site,R1p,ROWMLP,fcrow_split,20260818,2880,0.28229036927223206,0.04573170731707317,32,0.8221978021978023,0.5782417582417583,2880,,0.5461538461538461,32,0.4409019732261987,0.5639560439560439,64,0.5753555742886142
s17b_R1p_signed_fused_s0,site1,site,R1p,ROWMLP,fcrow_split,20260818,2880,0.708143413066864,0.07315668202764977,167,0.708498023715415,0.5701581027667985,2880,,0.5223978919631094,32,0.427666696657271,0.5553359683794467,64,0.5609470631620788
s17b_R1p_signed_fused_s0,site2,site,R1p,ROWMLP,fcrow_split,20260818,2880,0.5864418148994446,0.05853174603174603,76,0.7154150197628458,0.5747694334650856,2880,,0.5803689064558629,32,0.4642083266272313,0.6044137022397891,64,0.5936015546776852
s17b_R1p_signed_fused_s1,lab0,lab,R1p,ROWMLP,fcrow_split,20260819,2880,0.45680585503578186,0.05461165048543689,53,0.7318681318681318,0.67,2880,,0.6387912087912088,32,0.506080100297565,0.6316483516483518,64,0.627905877090507
s17b_R1p_signed_fused_s1,lab1,lab,R1p,ROWMLP,fcrow_split,20260819,2880,0.5756531953811646,0.06557377049180328,72,0.794065934065934,0.6917582417582417,2880,,0.5863736263736263,32,0.4957881431156904,0.6405494505494506,64,0.6201652989907459
s17b_R1p_signed_fused_s1,lab2,lab,R1p,ROWMLP,fcrow_split,20260819,2880,0.49081605672836304,0.05381944444444445,58,0.7156043956043956,0.5912087912087912,2880,,0.5562637362637363,32,0.5174465340996917,0.536043956043956,64,0.6395085027342735
s17b_R1p_signed_fused_s1,loso0,loso,R1p,ROWMLP,fcrow_split,20260819,2880,0.6954973340034485,0.06587898317221626,97,0.546875,0.4375,2880,,0.53125,32,0.4796152018006258,0.40625,64,0.5980042245955748
s17b_R1p_signed_fused_s1,loso1,loso,R1p,ROWMLP,fcrow_split,20260819,2880,0.4699063301086426,0.049441786283891544,49,0.8080808080808081,0.5454545454545454,2880,,0.7777777777777777,32,0.4971951946985306,0.6565656565656566,64,0.6152924563254936
s17b_R1p_signed_fused_s1,loso2,loso,R1p,ROWMLP,fcrow_split,20260819,2880,0.7013347744941711,0.06972846128059002,107,0.6541353383458647,0.5827067669172932,2880,,0.5601503759398496,32,0.47705700182282,0.4868421052631579,64,0.5972885700465475
s17b_R1p_signed_fused_s1,site0,site,R1p,ROWMLP,fcrow_split,20260819,2880,0.30439671874046326,0.045588235294117645,35,0.8221978021978023,0.6027472527472527,2880,,0.5860439560439561,32,0.4827806512224603,0.5227472527472528,64,0.610370903978074
s17b_R1p_signed_fused_s1,site1,site,R1p,ROWMLP,fcrow_split,20260819,2880,0.3723149001598358,0.05570652173913043,42,0.708498023715415,0.6027667984189724,2880,,0.5016469038208169,32,0.5174314965778151,0.5522617479139218,64,0.6407193916047964
s17b_R1p_signed_fused_s1,site2,site,R1p,ROWMLP,fcrow_split,20260819,2880,0.5262975096702576,0.06140350877192982,64,0.7154150197628458,0.5958498023715415,2880,,0.5732323232323232,32,0.5053233262919814,0.5796003513394817,64,0.631141485489891
s17b_R1p_signed_fused_s2,lab0,lab,R1p,ROWMLP,fcrow_split,20260820,2880,0.22468960285186768,0.0546875,26,0.7318681318681318,0.5996703296703297,2880,,0.6414285714285715,32,0.41656449968782566,0.6531868131868133,64,0.5543384413926735
s17b_R1p_signed_fused_s2,lab1,lab,R1p,ROWMLP,fcrow_split,20260820,2880,0.5195118188858032,0.05773809523809524,55,0.794065934065934,0.6868131868131868,2880,,0.6654945054945054,32,0.45705358412607067,0.705054945054945,64,0.5851004537951012
s17b_R1p_signed_fused_s2,lab2,lab,R1p,ROWMLP,fcrow_split,20260820,2880,0.5310587882995605,0.060141509433962265,56,0.7156043956043956,0.625934065934066,2880,,0.5838461538461538,32,0.4274267230369173,0.5983516483516483,64,0.5627775967338328
s17b_R1p_signed_fused_s2,loso0,loso,R1p,ROWMLP,fcrow_split,20260820,2880,0.4868214428424835,0.0592797783933518,45,0.546875,0.359375,2880,,0.21874999999999997,32,0.42634838677229686,0.4322916666666667,64,0.5529008948689079
s17b_R1p_signed_fused_s2,loso1,loso,R1p,ROWMLP,fcrow_split,20260820,2880,0.49027419090270996,0.043859649122807015,46,0.8080808080808081,0.6666666666666666,2880,,0.7272727272727273,32,0.4194065369851298,0.808080808080808,64,0.5467500885726954
s17b_R1p_signed_fused_s2,loso2,loso,R1p,ROWMLP,fcrow_split,20260820,2880,0.4573625326156616,0.06281833616298811,43,0.6541353383458647,0.5977443609022557,2880,,0.5244360902255638,32,0.4165954307411165,0.5300751879699248,64,0.5494288608849469
s17b_R1p_signed_fused_s2,site0,site,R1p,ROWMLP,fcrow_split,20260820,2880,0.24807748198509216,0.05,28,0.8221978021978023,0.6382417582417583,2880,,0.6324175824175824,32,0.40463994218050736,0.667912087912088,64,0.5420098579005712
s17b_R1p_signed_fused_s2,site1,site,R1p,ROWMLP,fcrow_split,20260820,2880,0.6256861090660095,0.07136194029850747,84,0.708498023715415,0.5831137461572244,2880,,0.5385375494071146,32,0.4666826521197164,0.5276679841897234,64,0.5905486572193406
s17b_R1p_signed_fused_s2,site2,site,R1p,ROWMLP,fcrow_split,20260820,2880,0.5617392063140869,0.06085526315789474,64,0.7154150197628458,0.6354852876592009,2880,,0.6315327184892402,32,0.45359513508398286,0.6099033816425121,64,0.5820396434354946
s17b_R1s_signed_fused_s0,lab0,lab,R1s,ROWMLP,fcrow_signed,20260818,2880,0.27959614992141724,0.0625,30,0.7318681318681318,0.6793406593406593,2880,,0.6564835164835164,32,0.5412786159357149,0.6482417582417582,64,0.6533819584120791
s17b_R1s_signed_fused_s0,lab1,lab,R1s,ROWMLP,fcrow_signed,20260818,2880,0.5258347392082214,0.06377551020408163,48,0.794065934065934,0.7193406593406594,2880,,0.7132967032967032,32,0.5808335472662547,0.6653846153846155,64,0.6865141174335885
s17b_R1s_signed_fused_s0,lab2,lab,R1s,ROWMLP,fcrow_signed,20260818,2880,0.3145290017127991,0.057926829268292686,32,0.7156043956043956,0.7092307692307692,2880,,0.6813186813186813,32,0.529068637661039,0.696043956043956,64,0.6446290902648995
s17b_R1s_signed_fused_s0,loso0,loso,R1s,ROWMLP,fcrow_signed,20260818,2880,0.5963096618652344,0.05784262636789995,51,0.546875,0.328125,2880,,0.3125,32,0.5447804935313034,0.30729166666666663,64,0.6550718017530927
s17b_R1s_signed_fused_s0,loso1,loso,R1s,ROWMLP,fcrow_signed,20260818,2880,0.2232368290424347,0.05789473684210526,23,0.8080808080808081,0.6565656565656566,2880,,0.9494949494949495,32,0.5220585804608138,0.7474747474747475,64,0.6348226216494675
s17b_R1s_signed_fused_s0,loso2,loso,R1s,ROWMLP,fcrow_signed,20260818,2880,0.39536252617836,0.07441016333938294,37,0.6541353383458647,0.5545112781954887,2880,,0.5827067669172932,32,0.5333785996240712,0.5469924812030075,64,0.6441066165460039
s17b_R1s_signed_fused_s0,site0,site,R1s,ROWMLP,fcrow_signed,20260818,2880,0.37317144870758057,0.053052325581395346,36,0.8221978021978023,0.6328571428571428,2880,,0.6601098901098902,32,0.5374097807995873,0.6424175824175824,64,0.6518930293445189
s17b_R1s_signed_fused_s0,site1,site,R1s,ROWMLP,fcrow_signed,20260818,2880,0.5160634517669678,0.06760204081632654,48,0.708498023715415,0.5774044795783926,2880,,0.5461133069828721,32,0.5768860237239886,0.5334870443566095,64,0.6842283776221867
s17b_R1s_signed_fused_s0,site2,site,R1s,ROWMLP,fcrow_signed,20260818,2880,0.4106093645095825,0.06388888888888888,40,0.7154150197628458,0.6170399648660518,2880,,0.6220904699165568,32,0.5604797210787358,0.6209925340360123,64,0.6707322094547493
s17b_R1s_signed_fused_s1,lab0,lab,R1s,ROWMLP,fcrow_signed,20260819,2880,0.2669966518878937,0.06015625,29,0.7318681318681318,0.6979120879120879,2880,,0.6485714285714285,32,0.5174691261376019,0.6186813186813187,64,0.6313595017057763
s17b_R1s_signed_fused_s1,lab1,lab,R1s,ROWMLP,fcrow_signed,20260819,2880,0.6616948843002319,0.06587837837837837,61,0.794065934065934,0.6815384615384615,2880,,0.6874725274725275,32,0.5635691205427233,0.6736263736263736,64,0.6678507042102523
s17b_R1s_signed_fused_s1,lab2,lab,R1s,ROWMLP,fcrow_signed,20260819,2880,0.42607706785202026,0.06458333333333334,40,0.7156043956043956,0.6327472527472529,2880,,0.663956043956044,32,0.5444239814544746,0.6199999999999999,64,0.6524302304829317
s17b_R1s_signed_fused_s1,loso0,loso,R1s,ROWMLP,fcrow_signed,20260819,2880,0.8131411075592041,0.062348178137651825,80,0.546875,0.33854166666666663,2880,,0.42187500000000006,32,0.554058942416132,0.4010416666666667,64,0.6599904596885762
s17b_R1s_signed_fused_s1,loso1,loso,R1s,ROWMLP,fcrow_signed,20260819,2880,0.37564241886138916,0.06015037593984962,34,0.8080808080808081,0.6464646464646465,2880,,0.6464646464646465,32,0.5608808098350206,0.6868686868686869,64,0.6616219589858511
s17b_R1s_signed_fused_s1,loso2,loso,R1s,ROWMLP,fcrow_signed,20260819,2880,0.31715571880340576,0.07342430149447693,31,0.6541353383458647,0.6146616541353384,2880,,0.6296992481203008,32,0.5440998790063645,0.6165413533834586,64,0.6495781097431746
s17b_R1s_signed_fused_s1,site0,site,R1s,ROWMLP,fcrow_signed,20260819,2880,0.35729968547821045,0.060294117647058824,35,0.8221978021978023,0.6335164835164835,2880,,0.6894505494505494,32,0.5433684326795784,0.5950549450549452,64,0.6510950460526448
s17b_R1s_signed_fused_s1,site1,site,R1s,ROWMLP,fcrow_signed,20260819,2880,0.45264437794685364,0.06589673913043478,42,0.708498023715415,0.5144927536231885,2880,,0.4756258234519104,32,0.5620030463487383,0.5104303908651735,64,0.6705907657592731
s17b_R1s_signed_fused_s1,site2,site,R1s,ROWMLP,fcrow_signed,20260819,2880,0.5491408705711365,0.068125,50,0.7154150197628458,0.6477821695213,2880,,0.6604084321475626,32,0.5774298996971543,0.6571146245059288,64,0.681546044789324
s17b_R1s_signed_fused_s2,lab0,lab,R1s,ROWMLP,fcrow_signed,20260820,2880,0.2927398979663849,0.06402439024390244,32,0.7318681318681318,0.6852747252747252,2880,,0.6407692307692308,32,0.5923494017908437,0.6276923076923078,64,0.6929088479374199
s17b_R1s_signed_fused_s2,lab1,lab,R1s,ROWMLP,fcrow_signed,20260820,2880,0.3454285264015198,0.06102941176470588,35,0.794065934065934,0.67,2880,,0.666043956043956,32,0.5599818685151061,0.6304395604395604,64,0.6672670724018741
s17b_R1s_signed_fused_s2,lab2,lab,R1s,ROWMLP,fcrow_signed,20260820,2880,0.36811912059783936,0.0603448275862069,37,0.7156043956043956,0.6340659340659341,2880,,0.6443956043956043,32,0.5658067474961699,0.6100000000000001,64,0.671332950397666
s17b_R1s_signed_fused_s2,loso0,loso,R1s,ROWMLP,fcrow_signed,20260820,2880,0.6348116993904114,0.06000983767830792,57,0.546875,0.28125,2880,,0.31770833333333337,32,0.5638742151310745,0.4739583333333333,64,0.6685752744128208
s17b_R1s_signed_fused_s2,loso1,loso,R1s,ROWMLP,fcrow_signed,20260820,2880,0.48863524198532104,0.05432937181663837,43,0.8080808080808081,0.6666666666666666,2880,,0.7171717171717171,32,0.5782854015044481,0.6767676767676767,64,0.6802045343655648
s17b_R1s_signed_fused_s2,loso2,loso,R1s,ROWMLP,fcrow_signed,20260820,2880,0.46542271971702576,0.06508205998868138,43,0.6541353383458647,0.618421052631579,2880,,0.6484962406015038,32,0.5916029095805219,0.593984962406015,64,0.6926818847541668
s17b_R1s_signed_fused_s2,site0,site,R1s,ROWMLP,fcrow_signed,20260820,2880,0.5728475451469421,0.055424528301886794,56,0.8221978021978023,0.6735164835164835,2880,,0.6762637362637363,32,0.5815468954702225,0.6842857142857142,64,0.6861552699276321
s17b_R1s_signed_fused_s2,site1,site,R1s,ROWMLP,fcrow_signed,20260820,2880,0.5324578285217285,0.06553398058252427,53,0.708498023715415,0.5884936319718929,2880,,0.5628019323671497,32,0.5681201607049235,0.5686209925340361,64,0.6756631368807857
s17b_R1s_signed_fused_s2,site2,site,R1s,ROWMLP,fcrow_signed,20260820,2880,0.5346574783325195,0.061887254901960786,52,0.7154150197628458,0.6424022837066315,2880,,0.658102766798419,32,0.58893927300277,0.629776021080369,64,0.6923215343742785
