path,seed,stage,auc,bacc,fold_sd,ci_lo,ci_hi,n_feat
O,6,z,0.4715364795525116,0.47788103679887245,0.02483871494532787,0.4385714585936532,0.5073341802674128,32
P,2,h,0.5303838446123015,0.5252989495474465,0.033254459623636726,0.49537831452250347,0.5644285284185842,32
P,3,z,0.4762712237662138,0.46634587857032744,0.03898736754838877,0.4419639760246217,0.5116156160076409,32
P,2,z,0.5215353784492062,0.517346781475038,0.05610141092911514,0.48556861225728637,0.5587540124158802,32
P,0,h,0.5049703803210817,0.4991191173555903,0.035758826867923,0.4700214857261397,0.5391933889594729,32
P,8,z,0.5041863947675571,0.5060010130150411,0.04177477349258138,0.468420218953629,0.539355229264132,32
P,1,h,0.5082824990640622,0.5163139465744676,0.05730013072780491,0.4716769753711743,0.5430974945484441,32
O,3,z,0.5165055385496267,0.5129489748728225,0.014248245575632475,0.4803383087143332,0.5528061657908705,32
P,7,h,0.47156731044506595,0.46766940474355306,0.04605552976741705,0.4361100045408473,0.5055883431055256,32
P,7,z,0.5440859741460944,0.5322799445043934,0.03997058441958399,0.508376320244398,0.5777367626628083,32
O,8,z,0.4678896254046555,0.4850910612433659,0.03135017547612695,0.4322012155247966,0.5041118486141843,32
P,1,z,0.49765024554603715,0.5037063137263538,0.05798057241152436,0.4594209292503715,0.534220070366237,32
P,3,h,0.4658019335374045,0.47568763901429234,0.046466688263644834,0.431144584252208,0.5015000015938404,32
P,0,z,0.5121055297408003,0.498275672223568,0.020640742775490897,0.4782186677299798,0.5470942494351541,32
P,5,h,0.4684710079499659,0.48282719284723297,0.05312689443656173,0.4326584616887437,0.5043540103214225,32
P,8,h,0.5089960140060341,0.4903917725561012,0.015311711881178953,0.47174211705062724,0.5437603793877336,32
O,2,h,0.5039177255610121,0.5015393424211059,0.022372788210827325,0.4673694460949363,0.540232853874803,32
O,3,h,0.5275429980840802,0.5237441916800634,0.042250525099113576,0.49200865542414285,0.5628588277620952,32
O,2,z,0.5245127617873109,0.5219978418375212,0.04628912854106977,0.4896677729201096,0.5581461270754876,32
P,6,h,0.5163910238058534,0.5249113611839062,0.037324226546579034,0.4782387306233404,0.5529041030316353,32
O,8,h,0.5166068400537338,0.5128190446827721,0.03449269052237932,0.48032973547450425,0.5519254035926696,32
O,0,h,0.5056134246515008,0.4990178158514832,0.032542012763762174,0.4703285805718463,0.5419361333432594,32
O,7,h,0.5254464973903852,0.5060648770067607,0.048055105557775646,0.4898054044860611,0.5608166863865088,32
P,0,WGIN1_preBN,0.6327776431984848,0.608811028650708,0.04474616501483265,0.5948821816980226,0.6663314378771527,2880
P,6,z,0.4916029861921646,0.4926534387456231,0.023164504693384855,0.45895219333580456,0.526756075831575,32
O,7,z,0.5176991345328018,0.49517276310863484,0.0468799515964189,0.4822120936642976,0.553461815801933,32
P,4,BN1,0.6371424167015349,0.610718139575855,0.046301857999994624,0.598867394469296,0.6714415215912374,2880
P,5,z,0.5056046158250567,0.5070052192296681,0.030796669845072937,0.46817149923801193,0.5401222676327747,32
O,1,h,0.49654914224052504,0.4900019819859499,0.040742552120098155,0.4584361922788922,0.5310567558089178,32
P,0,BN1,0.6327776431984848,0.608811028650708,0.04474616501483265,0.5948821816980226,0.6663314378771527,2880
O,5,h,0.4938888766544078,0.5083287454028937,0.027131455738647222,0.45819142377534106,0.531139091870693,32
P,2,WGIN2_preBN,0.6267127661917242,0.5936840714395825,0.04720958918094311,0.5884349449781157,0.6584384414099436,2880
O,0,z,0.5115902133938206,0.5092008192208592,0.022316862286950574,0.4763484739072389,0.5490467379796884,32
O,1,z,0.4908190006386399,0.4859939659538858,0.025916696614925214,0.45465814454653103,0.5259844889633032,32
P,4,WGIN1_preBN,0.6371424167015349,0.610718139575855,0.046301857999994624,0.598867394469296,0.6714415215912374,2880
O,6,h,0.47335109779999557,0.4777533088154331,0.024192178019752528,0.4398060027162298,0.5096038047592049,32
P,3,BN1,0.6403620427668524,0.6086172344689378,0.0460781943249474,0.6022974499042676,0.674716343452273,2880
O,5,z,0.4558083199365764,0.482021185227598,0.025221494177810506,0.4204664159641492,0.4906703314951862,32
P,1,final_nodes_postNorm,0.6275011561584708,0.5964962892818604,0.05293498420381998,0.590907507466687,0.6593836340550047,2880
P,2,BN2_final_nodes_preNorm,0.6267127661917242,0.5936840714395825,0.04720958918094311,0.5884349449781157,0.6584384414099436,2880
P,1,BN2_final_nodes_preNorm,0.6275011561584708,0.5964962892818604,0.05293498420381998,0.590907507466687,0.6593836340550047,2880
P,2,final_nodes_postNorm,0.6267127661917242,0.5936840714395825,0.04720958918094311,0.5884349449781157,0.6584384414099436,2880
P,3,final_nodes_postNorm,0.6284437005879893,0.5986302274879429,0.05090029120675266,0.5900379072739811,0.6638553647565788,2880
P,3,postBN1_toWGIN2,0.6403620427668524,0.6086172344689378,0.0460781943249474,0.6022974499042676,0.674716343452273,2880
P,3,WGIN1_preBN,0.6403620427668524,0.6086172344689378,0.0460781943249474,0.6022974499042676,0.674716343452273,2880
P,7,WGIN2_preBN,0.6239247726221674,0.589742121605849,0.045989598482913396,0.5853514687241432,0.6569162890136325,2880
P,3,BN2_final_nodes_preNorm,0.6284437005879893,0.5986302274879429,0.05090029120675266,0.5900379072739811,0.6638553647565788,2880
P,3,WGIN2_preBN,0.6284437005879893,0.5986302274879429,0.05090029120675266,0.5900379072739811,0.6638553647565788,2880
P,9,BN1,0.630698760157678,0.6067101235437908,0.04919115441432018,0.5926526406385273,0.664845448016663,2880
P,0,postBN1_toWGIN2,0.6327776431984848,0.608811028650708,0.04474616501483265,0.5948821816980226,0.6663314378771527,2880
P,5,WGIN1_preBN,0.638600277478033,0.6134004272280826,0.044122132773762444,0.600270976252725,0.6726715323086744,2880
P,1,WGIN1_preBN,0.5954810720341783,0.5785901473276223,0.06040827096786533,0.5588994555726045,0.6278993272577252,2880
P,1,postBN1_toWGIN2,0.5954810720341783,0.5785901473276223,0.06040827096786533,0.5588994555726045,0.6278993272577252,2880
P,0,BN2_final_nodes_preNorm,0.6318439075954106,0.600180580942104,0.04857688923249794,0.5929825236832094,0.6643265884659233,2880
P,5,BN1,0.638600277478033,0.6134004272280826,0.044122132773762444,0.600270976252725,0.6726715323086744,2880
P,0,WGIN2_preBN,0.6318439075954106,0.600180580942104,0.04857688923249794,0.5929825236832094,0.6643265884659233,2880
P,1,WGIN2_preBN,0.6275011561584708,0.5964962892818604,0.05293498420381998,0.590907507466687,0.6593836340550047,2880
P,0,final_nodes_postNorm,0.6318439075954106,0.600180580942104,0.04857688923249794,0.5929825236832094,0.6643265884659233,2880
P,7,final_nodes_postNorm,0.6239247726221674,0.589742121605849,0.045989598482913396,0.5853514687241432,0.6569162890136325,2880
P,2,BN1,0.5946838732409875,0.5836001673677025,0.05776246474270601,0.557663300766684,0.6266332386596715,2880
P,9,WGIN1_preBN,0.630698760157678,0.6067101235437908,0.04919115441432018,0.5926526406385273,0.664845448016663,2880
P,1,BN1,0.5954810720341783,0.5785901473276223,0.06040827096786533,0.5588994555726045,0.6278993272577252,2880
P,2,postBN1_toWGIN2,0.5946838732409875,0.5836001673677025,0.05776246474270601,0.557663300766684,0.6266332386596715,2880
P,7,BN2_final_nodes_preNorm,0.6239247726221674,0.589742121605849,0.045989598482913396,0.5853514687241432,0.6569162890136325,2880
P,2,WGIN1_preBN,0.5946838732409875,0.5836001673677025,0.05776246474270601,0.557663300766684,0.6266332386596715,2880
P,4,postBN1_toWGIN2,0.6371424167015349,0.610718139575855,0.046301857999994624,0.598867394469296,0.6714415215912374,2880
P,5,BN2_final_nodes_preNorm,0.639683763130657,0.6108789006584598,0.044967961858224006,0.6006131691252509,0.672375085910701,2880
P,4,WGIN2_preBN,0.6265674205553966,0.5958818736373847,0.046000235139993816,0.5877320196028311,0.6578201541358397,2880
P,8,WGIN1_preBN,0.6326146799092691,0.610718139575855,0.04798652092739009,0.5945807992367854,0.664923520036128,2880
P,7,WGIN1_preBN,0.6400317117751988,0.6121077319474113,0.04518208151953758,0.6024399301363513,0.6741121248378129,2880
P,8,BN1,0.6326146799092691,0.610718139575855,0.04798652092739009,0.5945807992367854,0.664923520036128,2880
P,5,WGIN2_preBN,0.639683763130657,0.6108789006584598,0.044967961858224006,0.6006131691252509,0.672375085910701,2880
P,8,postBN1_toWGIN2,0.6326146799092691,0.610718139575855,0.04798652092739009,0.5945807992367854,0.664923520036128,2880
P,7,BN1,0.6400317117751988,0.6121077319474113,0.04518208151953758,0.6024399301363513,0.6741121248378129,2880
P,8,WGIN2_preBN,0.6210795216807241,0.5824043691779163,0.0505295367827555,0.5844893419727598,0.6553258164681011,2880
P,6,postBN1_toWGIN2,0.6258583100266467,0.6034134202470876,0.044355890167708995,0.5870392833586621,0.6595277714835611,2880
P,4,final_nodes_postNorm,0.6265674205553966,0.5958818736373847,0.046000235139993816,0.5877320196028311,0.6578201541358397,2880
P,7,postBN1_toWGIN2,0.6400317117751988,0.6121077319474113,0.04518208151953758,0.6024399301363513,0.6741121248378129,2880
P,4,BN2_final_nodes_preNorm,0.6265674205553966,0.5958818736373847,0.046000235139993816,0.5877320196028311,0.6578201541358397,2880
P,5,postBN1_toWGIN2,0.638600277478033,0.6134004272280826,0.044122132773762444,0.600270976252725,0.6726715323086744,2880
P,6,WGIN1_preBN,0.6258583100266467,0.6034134202470876,0.044355890167708995,0.5870392833586621,0.6595277714835611,2880
O,4,BN1,0.6371424167015349,0.610718139575855,0.046301857999994624,0.598867394469296,0.6714415215912374,2880
P,4,h,0.48493470457398313,0.4736153625933185,0.04429961187049149,0.44827795829200767,0.5185616993058042,32
P,6,WGIN2_preBN,0.6286815389019799,0.5946860754475984,0.047028928935869053,0.5917203696064447,0.6616623878815769,2880
P,4,z,0.4673346693386774,0.47439274152701005,0.03849208483343135,0.4281504309193968,0.5005133052358662,32
P,9,h,0.4735757228743201,0.47911207029443503,0.020925640956512916,0.4366841302700026,0.5090511456572628,32
O,0,WGIN1_preBN,0.6327776431984848,0.608811028650708,0.04474616501483265,0.5948821816980226,0.6663314378771527,2880
P,9,z,0.47256711224647097,0.46912506331344006,0.036105656289459796,0.43581531373264876,0.5060989708741495,32
O,4,h,0.5283974542491576,0.5099429628487745,0.04042823036817486,0.4912342607121251,0.5657685278717539,32
O,0,BN1,0.6327776431984848,0.608811028650708,0.04474616501483265,0.5948821816980226,0.6663314378771527,2880
O,4,z,0.5029223281728291,0.49665925257107624,0.04202185059431654,0.4676443791049569,0.5396805300677583,32
O,2,WGIN2_preBN,0.6213393820608248,0.588189565945077,0.04485746347381796,0.5842141962178572,0.6533834493465902,2880
O,9,z,0.5139994274262811,0.5077781937501377,0.035055478317832456,0.4791143970145588,0.5528642840696377,32
O,9,h,0.509727146600894,0.5085864035763835,0.028858483840146856,0.47510842382639207,0.5489715831171098,32
P,9,postBN1_toWGIN2,0.630698760157678,0.6067101235437908,0.04919115441432018,0.5926526406385273,0.664845448016663,2880
P,6,BN1,0.6258583100266467,0.6034134202470876,0.044355890167708995,0.5870392833586621,0.6595277714835611,2880
P,5,final_nodes_postNorm,0.639683763130657,0.6108789006584598,0.044967961858224006,0.6006131691252509,0.672375085910701,2880
O,2,postBN1_toWGIN2,0.5861305027637693,0.5692175559911031,0.03926749835972409,0.5476399420353157,0.6195565784495382,2880
P,6,BN2_final_nodes_preNorm,0.6286815389019799,0.5946860754475984,0.047028928935869053,0.5917203696064447,0.6616623878815769,2880
O,1,postBN1_toWGIN2,0.6041093175361713,0.5839238917395231,0.023470428141487212,0.5647021019400775,0.638956938168952,2880
P,6,final_nodes_postNorm,0.6286815389019799,0.5946860754475984,0.047028928935869053,0.5917203696064447,0.6616623878815769,2880
O,1,WGIN1_preBN,0.5954810720341783,0.5785901473276223,0.06040827096786533,0.5588994555726045,0.6278993272577252,2880
O,3,postBN1_toWGIN2,0.629795855447158,0.6123675923275121,0.03310446982281361,0.5928241122226273,0.6645001245061882,2880
O,4,postBN1_toWGIN2,0.5751414917747584,0.5701865268999537,0.04902595334578259,0.5360652504584772,0.6107104122788463,2880
P,8,final_nodes_postNorm,0.6210795216807241,0.5824043691779163,0.0505295367827555,0.5844893419727598,0.6553258164681011,2880
O,9,BN1,0.630698760157678,0.6067101235437908,0.04919115441432018,0.5926526406385273,0.664845448016663,2880
P,8,BN2_final_nodes_preNorm,0.6210795216807241,0.5824043691779163,0.0505295367827555,0.5844893419727598,0.6553258164681011,2880
O,8,BN1,0.6326146799092691,0.610718139575855,0.04798652092739009,0.5945807992367854,0.664923520036128,2880
O,2,final_nodes_postNorm,0.5376423176022375,0.5342773459005924,0.019183802568190775,0.5010694389201666,0.5716675060374601,2880
O,5,WGIN1_preBN,0.638600277478033,0.6134004272280826,0.044122132773762444,0.600270976252725,0.6726715323086744,2880
O,2,BN2_final_nodes_preNorm,0.6213393820608248,0.588189565945077,0.04485746347381796,0.5842141962178572,0.6533834493465902,2880
O,5,BN1,0.638600277478033,0.6134004272280826,0.044122132773762444,0.600270976252725,0.6726715323086744,2880
P,9,WGIN2_preBN,0.6261313836464136,0.5899028826884538,0.05689460467322115,0.5889043567440546,0.6579841266889874,2880
P,9,final_nodes_postNorm,0.6261313836464136,0.5899028826884538,0.05689460467322115,0.5889043567440546,0.6579841266889874,2880
P,9,BN2_final_nodes_preNorm,0.6261313836464136,0.5899028826884538,0.05689460467322115,0.5889043567440546,0.6579841266889874,2880
O,2,BN1,0.5946838732409875,0.5836001673677025,0.05776246474270601,0.557663300766684,0.6266332386596715,2880
O,4,WGIN1_preBN,0.6371424167015349,0.610718139575855,0.046301857999994624,0.598867394469296,0.6714415215912374,2880
O,0,postBN1_toWGIN2,0.611715739170649,0.5949459358276994,0.037145829280636145,0.5721389469889393,0.6445770931379899,2880
O,2,WGIN1_preBN,0.5946838732409875,0.5836001673677025,0.05776246474270601,0.557663300766684,0.6266332386596715,2880
O,3,BN1,0.6403620427668524,0.6086172344689378,0.0460781943249474,0.6022974499042676,0.674716343452273,2880
O,0,final_nodes_postNorm,0.5276575128278534,0.5372194939329208,0.021075843061933417,0.49035272287620246,0.5632211427523806,2880
O,3,WGIN1_preBN,0.6403620427668524,0.6086172344689378,0.0460781943249474,0.6022974499042676,0.674716343452273,2880
O,3,WGIN2_preBN,0.6279724283732301,0.5943953841749433,0.05151053198016911,0.5899677324082115,0.65986965565984,2880
O,8,postBN1_toWGIN2,0.5985949921821665,0.5728379836596269,0.025346101124467304,0.561099619835557,0.635208568789883,2880
O,1,BN1,0.5954810720341783,0.5785901473276223,0.06040827096786533,0.5588994555726045,0.6278993272577252,2880
O,3,BN2_final_nodes_preNorm,0.6279724283732301,0.5943953841749433,0.05151053198016911,0.5899677324082115,0.65986965565984,2880
O,7,postBN1_toWGIN2,0.6262943469356295,0.5994384373141888,0.038240891050807815,0.5869920821793734,0.6602032671510129,2880
O,0,BN2_final_nodes_preNorm,0.6328921579422582,0.6041247329824484,0.05189835774257792,0.5978590061035702,0.6660903778509285,2880
O,6,WGIN1_preBN,0.6258583100266467,0.6034134202470876,0.044355890167708995,0.5870392833586621,0.6595277714835611,2880
O,6,BN1,0.6258583100266467,0.6034134202470876,0.044355890167708995,0.5870392833586621,0.6595277714835611,2880
O,0,WGIN2_preBN,0.6328921579422582,0.6041247329824484,0.05189835774257792,0.5978590061035702,0.6660903778509285,2880
O,1,BN2_final_nodes_preNorm,0.6268096632826092,0.60118258495012,0.051134847014583026,0.5886454141970183,0.658611105074246,2880
O,8,WGIN2_preBN,0.6277213768195732,0.5984034002070074,0.049888346784472355,0.5909018206094181,0.6605485672465549,2880
O,7,final_nodes_postNorm,0.5044110198418816,0.49963002928934797,0.024649681717532172,0.4663544956543134,0.5397779881600302,2880
O,5,postBN1_toWGIN2,0.6264617146380673,0.6029289347926623,0.030625729998352825,0.5873173639557442,0.6599709894135197,2880
O,6,postBN1_toWGIN2,0.5835407077892047,0.576845999691691,0.04918560575158025,0.5490626773851602,0.6196202615958672,2880
O,1,final_nodes_postNorm,0.5247153647955252,0.5223193640027307,0.030261493146289887,0.48516924886727586,0.5595628405801927,2880
O,7,BN2_final_nodes_preNorm,0.6309542161245568,0.5949767667202537,0.04901272585139656,0.5947753563245901,0.6626915556132063,2880
O,5,final_nodes_postNorm,0.49166464797727316,0.49698077473628577,0.019611926254896994,0.45519441003252514,0.5290424706352688,2880
O,4,WGIN2_preBN,0.6288929507366381,0.5916800634235504,0.04654895786996925,0.5919017059930908,0.6621586950140872,2880
O,7,WGIN1_preBN,0.6400317117751988,0.6121077319474113,0.04518208151953758,0.6024399301363513,0.6741121248378129,2880
O,7,WGIN2_preBN,0.6309542161245568,0.5949767667202537,0.04901272585139656,0.5947753563245901,0.6626915556132063,2880
O,9,postBN1_toWGIN2,0.5916624457706623,0.5780087647823119,0.03999606537680896,0.5539014423183178,0.6258048657226892,2880
O,4,final_nodes_postNorm,0.5006496509502522,0.49323041687771146,0.03567676078458746,0.46291256723513824,0.5359483912839024,2880
O,4,BN2_final_nodes_preNorm,0.6288929507366381,0.5916800634235504,0.04654895786996925,0.5919017059930908,0.6621586950140872,2880
O,7,BN1,0.6400317117751988,0.6121077319474113,0.04518208151953758,0.6024399301363513,0.6741121248378129,2880
O,8,WGIN1_preBN,0.6326146799092691,0.610718139575855,0.04798652092739009,0.5945807992367854,0.664923520036128,2880
O,1,WGIN2_preBN,0.6268096632826092,0.60118258495012,0.051134847014583026,0.5886454141970183,0.658611105074246,2880
O,9,WGIN2_preBN,0.6225065515646677,0.5846990684666036,0.04351386783283056,0.58350610003718,0.6551143593348077,2880
O,9,WGIN1_preBN,0.630698760157678,0.6067101235437908,0.04919115441432018,0.5926526406385273,0.664845448016663,2880
O,3,final_nodes_postNorm,0.5056927040894976,0.4964940870752494,0.019409928479907884,0.4656548317966526,0.541054760873254,2880
O,5,WGIN2_preBN,0.6322579224382832,0.6068708846263957,0.049951409660703064,0.59392859611203,0.6642637895177728,2880
O,5,BN2_final_nodes_preNorm,0.6322579224382832,0.6068708846263957,0.049951409660703064,0.59392859611203,0.6642637895177728,2880
O,9,final_nodes_postNorm,0.5325860512233258,0.5080666828161818,0.012240070756890363,0.4966674703083516,0.5681359353851971,2880
O,9,BN2_final_nodes_preNorm,0.6225065515646677,0.5846990684666036,0.04351386783283056,0.58350610003718,0.6551143593348077,2880
O,6,BN2_final_nodes_preNorm,0.6267700235636108,0.5937809685304676,0.04795296391647261,0.588589544963449,0.6611741477121378,2880
O,6,final_nodes_postNorm,0.516531965028959,0.5077429584443612,0.024636058156236876,0.47624389664023525,0.5534983133436684,2880
O,6,WGIN2_preBN,0.6267700235636108,0.5937809685304676,0.04795296391647261,0.588589544963449,0.6611741477121378,2880
O,8,BN2_final_nodes_preNorm,0.6277213768195732,0.5984034002070074,0.049888346784472355,0.5909018206094181,0.6605485672465549,2880
O,8,final_nodes_postNorm,0.49219317756391906,0.48621638882159923,0.02014821237763785,0.454853372955824,0.5295765494956489,2880
